Flight_ID,Airline,Departure_Airport,Arrival_Airport,Scheduled_Departure,Weather_Conditions,Delay_Minutes
1,Airline A,ATL,CDG,2,Rain,95
2,Airline A,ORD,SIN,15,Fog,182
3,Airline D,LAX,SIN,18,Snow,120
4,Airline A,DFW,DXB,12,Storm,194
5,Airline B,ATL,SIN,22,Fog,249
6,Airline A,ATL,DXB,16,Storm,110
7,Airline B,DFW,DXB,22,Snow,71
8,Airline C,ATL,LHR,15,Rain,51
9,Airline C,DFW,HKG,8,Snow,154
10,Airline A,ORD,SIN,23,Snow,194
11,Airline A,DFW,DXB,20,Snow,25
12,Airline B,LAX,SIN,11,Clear,226
13,Airline D,DFW,LHR,2,Fog,208
14,Airline B,ATL,LHR,8,Storm,220
15,Airline C,DFW,DXB,15,Rain,285
16,Airline D,DFW,SIN,4,Storm,252
17,Airline B,DFW,SIN,18,Clear,101
18,Airline A,LAX,SIN,21,Rain,264
19,Airline C,LAX,LHR,12,Clear,175
20,Airline C,ATL,CDG,1,Storm,183
21,Airline A,ATL,CDG,18,Rain,192
22,Airline B,DFW,SIN,17,Storm,194
23,Airline A,JFK,SIN,11,Fog,20
24,Airline B,ORD,HKG,17,Clear,285
25,Airline C,DFW,DXB,4,Fog,56
26,Airline A,ORD,LHR,19,Fog,54
27,Airline C,LAX,HKG,19,Storm,1
28,Airline C,ATL,SIN,7,Storm,21
29,Airline D,JFK,CDG,21,Snow,140
30,Airline A,ATL,CDG,15,Snow,88
31,Airline C,LAX,HKG,1,Rain,298
32,Airline B,DFW,CDG,12,Storm,74
33,Airline A,LAX,CDG,0,Clear,73
34,Airline B,JFK,DXB,4,Storm,235
35,Airline B,DFW,SIN,22,Storm,164
36,Airline B,DFW,HKG,20,Fog,216
37,Airline A,JFK,LHR,11,Fog,290
38,Airline B,ATL,LHR,3,Snow,18
39,Airline A,DFW,SIN,4,Rain,283
40,Airline D,ATL,LHR,10,Rain,187
41,Airline B,ORD,CDG,9,Storm,137
42,Airline A,JFK,DXB,7,Clear,279
43,Airline B,ORD,HKG,20,Fog,201
44,Airline C,DFW,HKG,8,Clear,157
45,Airline B,JFK,CDG,6,Fog,232
46,Airline C,DFW,SIN,13,Storm,114
47,Airline C,JFK,DXB,10,Rain,224
48,Airline B,ATL,LHR,17,Storm,44
49,Airline B,LAX,HKG,17,Fog,216
50,Airline C,LAX,HKG,21,Rain,117
51,Airline D,JFK,SIN,7,Clear,280
52,Airline A,ORD,DXB,1,Clear,101
53,Airline B,JFK,LHR,21,Snow,131
54,Airline C,ATL,HKG,20,Clear,211
55,Airline A,ORD,HKG,6,Snow,201
56,Airline B,JFK,LHR,4,Rain,286
57,Airline A,JFK,DXB,13,Storm,146
58,Airline C,DFW,DXB,13,Storm,257
59,Airline B,ATL,DXB,2,Rain,259
60,Airline D,ATL,HKG,5,Rain,293
61,Airline A,LAX,CDG,22,Fog,32
62,Airline B,DFW,HKG,16,Clear,17
63,Airline A,ORD,SIN,23,Clear,159
64,Airline A,LAX,SIN,7,Clear,114
65,Airline B,ATL,HKG,19,Snow,207
66,Airline B,JFK,HKG,23,Clear,160
67,Airline B,DFW,LHR,2,Fog,289
68,Airline C,ATL,DXB,14,Storm,46
69,Airline B,ATL,LHR,4,Storm,51
70,Airline A,DFW,SIN,18,Snow,51
71,Airline B,ATL,SIN,1,Fog,170
72,Airline C,LAX,CDG,20,Rain,105
73,Airline C,DFW,DXB,7,Storm,97
74,Airline B,ATL,DXB,8,Fog,208
75,Airline A,ATL,SIN,4,Rain,130
76,Airline C,DFW,LHR,2,Snow,221
77,Airline A,JFK,HKG,11,Clear,222
78,Airline D,ORD,DXB,2,Fog,126
79,Airline C,DFW,HKG,23,Storm,125
80,Airline D,JFK,SIN,18,Snow,129
81,Airline C,ATL,CDG,15,Fog,195
82,Airline A,LAX,SIN,15,Snow,43
83,Airline D,ATL,HKG,0,Rain,293
84,Airline A,ATL,SIN,16,Fog,187
85,Airline C,JFK,DXB,20,Clear,243
86,Airline A,DFW,HKG,19,Rain,90
87,Airline D,ORD,HKG,2,Clear,14
88,Airline B,ORD,CDG,16,Snow,181
89,Airline B,DFW,DXB,22,Clear,61
90,Airline C,DFW,LHR,16,Rain,77
91,Airline B,LAX,CDG,15,Rain,273
92,Airline C,DFW,DXB,5,Rain,250
93,Airline A,LAX,LHR,17,Snow,70
94,Airline A,DFW,HKG,13,Storm,23
95,Airline D,LAX,CDG,19,Snow,293
96,Airline D,DFW,HKG,7,Rain,133
97,Airline B,DFW,HKG,18,Snow,245
98,Airline A,ORD,HKG,8,Fog,201
99,Airline D,ATL,DXB,20,Fog,21
100,Airline B,ATL,LHR,21,Storm,160
101,Airline C,LAX,DXB,17,Snow,214
102,Airline D,JFK,HKG,0,Snow,45
103,Airline D,ORD,CDG,20,Fog,104
104,Airline B,DFW,HKG,16,Rain,169
105,Airline D,ORD,LHR,3,Clear,84
106,Airline B,JFK,DXB,15,Rain,76
107,Airline D,ORD,LHR,23,Storm,41
108,Airline A,JFK,DXB,11,Clear,12
109,Airline A,JFK,LHR,12,Rain,290
110,Airline A,JFK,LHR,1,Snow,8
111,Airline D,JFK,DXB,21,Snow,12
112,Airline B,JFK,DXB,11,Fog,21
113,Airline A,DFW,DXB,9,Snow,39
114,Airline C,ORD,SIN,14,Snow,126
115,Airline D,ATL,LHR,4,Storm,168
116,Airline B,ATL,SIN,0,Clear,262
117,Airline D,DFW,SIN,7,Rain,221
118,Airline B,LAX,HKG,20,Rain,222
119,Airline B,JFK,SIN,17,Storm,120
120,Airline D,ORD,SIN,5,Clear,221
121,Airline C,JFK,DXB,22,Snow,78
122,Airline C,JFK,DXB,0,Storm,98
123,Airline D,ATL,CDG,13,Snow,234
124,Airline A,JFK,LHR,9,Rain,185
125,Airline A,ORD,SIN,3,Storm,278
126,Airline B,ORD,SIN,17,Storm,180
127,Airline A,ATL,LHR,22,Storm,292
128,Airline D,DFW,DXB,18,Rain,275
129,Airline D,ATL,DXB,7,Rain,235
130,Airline C,ATL,LHR,11,Fog,145
131,Airline A,JFK,LHR,9,Rain,67
132,Airline A,LAX,DXB,12,Rain,175
133,Airline B,DFW,LHR,6,Snow,19
134,Airline D,DFW,DXB,23,Rain,71
135,Airline D,DFW,LHR,16,Clear,104
136,Airline D,JFK,DXB,11,Snow,6
137,Airline C,ATL,CDG,5,Fog,52
138,Airline C,JFK,DXB,22,Clear,266
139,Airline C,ORD,DXB,6,Fog,203
140,Airline D,LAX,SIN,12,Storm,31
141,Airline D,LAX,DXB,13,Storm,190
142,Airline A,JFK,LHR,22,Storm,182
143,Airline D,ATL,HKG,22,Rain,186
144,Airline D,DFW,LHR,12,Rain,153
145,Airline C,ORD,SIN,5,Snow,50
146,Airline A,ORD,LHR,18,Clear,288
147,Airline D,LAX,CDG,12,Clear,25
148,Airline B,ATL,HKG,21,Storm,277
149,Airline C,DFW,HKG,8,Storm,209
150,Airline B,LAX,SIN,10,Rain,252
151,Airline A,ATL,HKG,9,Fog,190
152,Airline C,DFW,DXB,2,Clear,144
153,Airline A,JFK,SIN,18,Clear,40
154,Airline D,ATL,CDG,6,Fog,75
155,Airline C,ORD,HKG,22,Clear,294
156,Airline A,ATL,HKG,4,Clear,160
157,Airline A,ATL,SIN,23,Rain,287
158,Airline A,ATL,HKG,23,Clear,148
159,Airline B,DFW,HKG,14,Storm,191
160,Airline C,DFW,CDG,1,Storm,65
161,Airline A,JFK,CDG,10,Snow,176
162,Airline C,JFK,SIN,5,Rain,30
163,Airline D,DFW,HKG,4,Rain,198
164,Airline D,DFW,LHR,19,Storm,73
165,Airline A,LAX,SIN,6,Rain,110
166,Airline C,ATL,CDG,3,Rain,93
167,Airline A,ATL,LHR,4,Snow,168
168,Airline A,ORD,HKG,23,Fog,296
169,Airline B,DFW,SIN,4,Clear,260
170,Airline C,DFW,SIN,9,Snow,212
171,Airline B,JFK,CDG,17,Fog,261
172,Airline A,JFK,DXB,1,Clear,271
173,Airline B,ATL,DXB,14,Storm,207
174,Airline B,ATL,DXB,8,Fog,82
175,Airline B,DFW,SIN,1,Clear,239
176,Airline D,ATL,CDG,2,Snow,122
177,Airline D,DFW,CDG,21,Clear,164
178,Airline B,ORD,DXB,19,Rain,63
179,Airline C,ORD,LHR,23,Clear,96
180,Airline D,LAX,DXB,23,Storm,68
181,Airline B,JFK,SIN,1,Snow,200
182,Airline A,LAX,LHR,1,Fog,134
183,Airline D,ORD,CDG,18,Clear,297
184,Airline A,ATL,HKG,13,Snow,90
185,Airline B,JFK,LHR,17,Storm,288
186,Airline B,JFK,CDG,20,Fog,281
187,Airline B,LAX,LHR,0,Clear,272
188,Airline A,JFK,DXB,6,Storm,20
189,Airline D,ORD,LHR,7,Rain,1
190,Airline B,ATL,LHR,11,Snow,78
191,Airline C,LAX,LHR,3,Snow,43
192,Airline B,ATL,SIN,22,Clear,193
193,Airline D,LAX,SIN,6,Storm,70
194,Airline D,DFW,DXB,17,Fog,35
195,Airline C,JFK,HKG,17,Fog,45
196,Airline B,DFW,SIN,9,Fog,234
197,Airline D,JFK,HKG,9,Fog,223
198,Airline D,DFW,SIN,5,Clear,66
199,Airline D,ATL,CDG,23,Clear,258
200,Airline A,ORD,CDG,11,Snow,118
201,Airline D,LAX,LHR,9,Storm,44
202,Airline D,JFK,HKG,12,Rain,24
203,Airline A,LAX,LHR,11,Clear,164
204,Airline B,ORD,LHR,18,Fog,163
205,Airline C,DFW,SIN,0,Rain,290
206,Airline A,ATL,SIN,0,Snow,274
207,Airline A,LAX,LHR,10,Fog,44
208,Airline A,DFW,SIN,17,Storm,210
209,Airline D,JFK,CDG,21,Rain,224
210,Airline B,LAX,CDG,1,Snow,145
211,Airline B,LAX,HKG,5,Clear,286
212,Airline B,JFK,CDG,15,Storm,9
213,Airline C,ORD,LHR,0,Fog,7
214,Airline B,DFW,DXB,8,Rain,33
215,Airline C,LAX,SIN,14,Snow,233
216,Airline D,DFW,LHR,15,Rain,180
217,Airline B,ATL,SIN,13,Storm,11
218,Airline C,DFW,HKG,6,Clear,237
219,Airline D,DFW,LHR,0,Clear,191
220,Airline D,JFK,LHR,15,Storm,272
221,Airline C,DFW,LHR,8,Fog,1
222,Airline D,ORD,HKG,10,Rain,26
223,Airline D,DFW,LHR,9,Fog,152
224,Airline B,ATL,SIN,10,Snow,139
225,Airline C,DFW,DXB,5,Fog,192
226,Airline D,JFK,LHR,1,Storm,94
227,Airline A,ATL,HKG,17,Clear,167
228,Airline A,JFK,HKG,11,Storm,4
229,Airline D,ORD,LHR,13,Storm,219
230,Airline B,ORD,HKG,7,Rain,27
231,Airline A,JFK,CDG,3,Storm,248
232,Airline B,ORD,HKG,17,Snow,71
233,Airline D,JFK,DXB,20,Rain,133
234,Airline C,LAX,CDG,12,Rain,273
235,Airline D,DFW,SIN,22,Fog,292
236,Airline D,LAX,CDG,13,Storm,191
237,Airline A,ORD,DXB,19,Fog,34
238,Airline C,JFK,CDG,14,Fog,125
239,Airline B,JFK,LHR,19,Rain,16
240,Airline B,JFK,HKG,23,Fog,109
241,Airline C,JFK,LHR,18,Fog,87
242,Airline B,DFW,LHR,13,Rain,9
243,Airline A,ATL,LHR,11,Rain,50
244,Airline D,LAX,CDG,21,Clear,111
245,Airline B,ORD,SIN,14,Storm,51
246,Airline A,JFK,HKG,5,Clear,236
247,Airline B,LAX,CDG,18,Rain,288
248,Airline A,ATL,LHR,1,Snow,96
249,Airline B,LAX,DXB,5,Fog,272
250,Airline B,ORD,DXB,22,Fog,176
251,Airline C,JFK,LHR,22,Rain,229
252,Airline C,ORD,SIN,10,Fog,126
253,Airline A,JFK,HKG,0,Clear,262
254,Airline C,ATL,CDG,21,Fog,265
255,Airline D,ORD,SIN,8,Snow,286
256,Airline C,LAX,DXB,12,Storm,24
257,Airline A,ATL,LHR,8,Clear,184
258,Airline C,ORD,CDG,14,Storm,64
259,Airline A,JFK,SIN,17,Storm,130
260,Airline D,ATL,SIN,3,Snow,234
261,Airline A,JFK,SIN,21,Snow,112
262,Airline A,DFW,CDG,3,Snow,59
263,Airline D,LAX,HKG,11,Snow,13
264,Airline D,JFK,CDG,8,Clear,86
265,Airline A,ORD,LHR,17,Snow,13
266,Airline B,DFW,CDG,5,Clear,172
267,Airline B,ATL,SIN,16,Fog,1
268,Airline A,ORD,HKG,16,Storm,243
269,Airline C,ATL,HKG,12,Fog,159
270,Airline A,DFW,LHR,11,Fog,263
271,Airline A,ORD,LHR,13,Rain,291
272,Airline C,JFK,DXB,7,Fog,217
273,Airline D,ORD,DXB,14,Fog,270
274,Airline A,LAX,DXB,8,Rain,33
275,Airline B,JFK,CDG,0,Fog,148
276,Airline D,LAX,HKG,16,Rain,8
277,Airline D,ORD,LHR,9,Clear,39
278,Airline A,ORD,DXB,22,Storm,253
279,Airline B,ATL,LHR,4,Snow,25
280,Airline C,ORD,DXB,10,Fog,24
281,Airline C,JFK,CDG,2,Clear,198
282,Airline C,LAX,CDG,1,Storm,90
283,Airline B,DFW,SIN,21,Clear,44
284,Airline D,LAX,LHR,3,Rain,224
285,Airline D,ATL,SIN,20,Clear,276
286,Airline A,DFW,CDG,1,Fog,88
287,Airline D,DFW,CDG,0,Fog,295
288,Airline D,ORD,LHR,8,Snow,174
289,Airline C,ATL,SIN,2,Snow,60
290,Airline C,ATL,SIN,5,Fog,269
291,Airline C,ORD,SIN,13,Clear,199
292,Airline D,JFK,LHR,0,Fog,75
293,Airline A,ORD,LHR,11,Clear,174
294,Airline D,ATL,LHR,20,Fog,273
295,Airline A,DFW,HKG,15,Storm,22
296,Airline D,JFK,CDG,19,Clear,25
297,Airline B,ATL,HKG,18,Rain,229
298,Airline D,ATL,HKG,17,Rain,193
299,Airline B,ORD,CDG,13,Snow,129
300,Airline A,LAX,DXB,2,Storm,149
301,Airline D,ATL,DXB,13,Rain,114
302,Airline D,LAX,DXB,16,Fog,165
303,Airline A,JFK,LHR,12,Rain,248
304,Airline C,DFW,LHR,0,Fog,169
305,Airline C,LAX,SIN,7,Storm,155
306,Airline B,LAX,SIN,20,Snow,62
307,Airline D,LAX,HKG,1,Rain,272
308,Airline C,LAX,SIN,18,Snow,242
309,Airline A,LAX,LHR,14,Storm,186
310,Airline A,JFK,HKG,13,Clear,114
311,Airline D,ATL,SIN,13,Storm,257
312,Airline B,DFW,SIN,17,Storm,206
313,Airline A,ATL,DXB,14,Storm,107
314,Airline D,JFK,LHR,9,Clear,255
315,Airline B,JFK,HKG,17,Clear,108
316,Airline C,LAX,CDG,19,Storm,246
317,Airline D,JFK,SIN,3,Clear,225
318,Airline B,JFK,LHR,6,Fog,177
319,Airline A,LAX,HKG,1,Storm,142
320,Airline C,JFK,LHR,8,Rain,145
321,Airline A,JFK,LHR,22,Fog,76
322,Airline A,JFK,HKG,3,Storm,37
323,Airline C,ORD,DXB,11,Rain,79
324,Airline D,ATL,DXB,22,Rain,147
325,Airline D,ORD,SIN,9,Snow,281
326,Airline D,ATL,DXB,10,Snow,120
327,Airline A,LAX,SIN,0,Rain,153
328,Airline A,LAX,SIN,12,Storm,273
329,Airline D,ATL,HKG,6,Storm,171
330,Airline D,ATL,LHR,5,Storm,134
331,Airline C,DFW,CDG,8,Storm,235
332,Airline A,ATL,CDG,23,Rain,34
333,Airline B,ATL,DXB,17,Clear,11
334,Airline D,LAX,HKG,2,Clear,238
335,Airline D,LAX,CDG,12,Storm,299
336,Airline A,JFK,LHR,2,Snow,40
337,Airline D,JFK,SIN,12,Rain,53
338,Airline D,LAX,SIN,5,Clear,128
339,Airline A,JFK,HKG,17,Rain,280
340,Airline D,ORD,DXB,1,Snow,248
341,Airline C,ORD,LHR,19,Rain,270
342,Airline B,JFK,DXB,16,Snow,74
343,Airline A,JFK,DXB,0,Snow,172
344,Airline C,ATL,HKG,16,Fog,44
345,Airline A,ATL,SIN,4,Snow,169
346,Airline A,ORD,DXB,8,Fog,19
347,Airline A,ORD,DXB,3,Snow,244
348,Airline B,ATL,LHR,13,Snow,206
349,Airline C,ATL,SIN,7,Rain,115
350,Airline B,ATL,DXB,22,Fog,166
351,Airline A,JFK,CDG,12,Clear,284
352,Airline D,LAX,CDG,5,Clear,275
353,Airline B,ORD,SIN,13,Rain,95
354,Airline D,DFW,SIN,8,Clear,11
355,Airline A,ATL,HKG,16,Clear,267
356,Airline D,JFK,DXB,6,Snow,52
357,Airline B,ORD,CDG,8,Storm,97
358,Airline C,ATL,CDG,14,Storm,263
359,Airline D,JFK,SIN,9,Clear,279
360,Airline B,ORD,SIN,13,Rain,60
361,Airline C,ORD,LHR,15,Rain,128
362,Airline A,DFW,LHR,1,Fog,88
363,Airline C,DFW,SIN,3,Rain,77
364,Airline A,ORD,LHR,20,Rain,227
365,Airline B,JFK,SIN,14,Snow,69
366,Airline B,ATL,SIN,10,Snow,172
367,Airline C,ATL,HKG,20,Clear,111
368,Airline B,ORD,LHR,10,Rain,151
369,Airline B,ATL,DXB,22,Storm,59
370,Airline A,DFW,DXB,23,Rain,230
371,Airline B,ATL,HKG,12,Rain,273
372,Airline D,LAX,DXB,15,Clear,104
373,Airline A,DFW,DXB,8,Storm,257
374,Airline D,DFW,HKG,20,Clear,232
375,Airline C,ORD,CDG,1,Rain,163
376,Airline D,ORD,HKG,1,Storm,290
377,Airline B,ATL,HKG,4,Rain,197
378,Airline C,ATL,LHR,4,Clear,93
379,Airline B,ORD,DXB,4,Clear,114
380,Airline C,JFK,DXB,13,Snow,71
381,Airline C,ATL,CDG,5,Storm,293
382,Airline A,JFK,HKG,15,Snow,153
383,Airline D,DFW,SIN,15,Storm,286
384,Airline B,LAX,CDG,7,Fog,253
385,Airline C,JFK,CDG,4,Storm,179
386,Airline A,ATL,DXB,12,Rain,7
387,Airline C,ORD,DXB,2,Storm,188
388,Airline D,ORD,DXB,8,Snow,34
389,Airline C,LAX,DXB,3,Clear,289
390,Airline D,LAX,CDG,7,Clear,137
391,Airline C,DFW,HKG,15,Storm,167
392,Airline D,JFK,DXB,10,Fog,107
393,Airline B,LAX,LHR,22,Clear,139
394,Airline D,DFW,CDG,18,Clear,154
395,Airline D,DFW,SIN,9,Clear,146
396,Airline B,DFW,SIN,21,Fog,217
397,Airline D,ATL,HKG,6,Snow,53
398,Airline C,LAX,CDG,11,Storm,14
399,Airline C,ORD,CDG,22,Fog,222
400,Airline C,DFW,CDG,7,Storm,188
401,Airline B,ORD,LHR,9,Rain,220
402,Airline D,ATL,LHR,4,Storm,299
403,Airline D,JFK,DXB,4,Clear,148
404,Airline C,ATL,SIN,12,Fog,284
405,Airline D,ATL,LHR,1,Fog,106
406,Airline C,LAX,SIN,11,Snow,270
407,Airline C,DFW,CDG,10,Rain,250
408,Airline C,ATL,LHR,1,Snow,63
409,Airline B,DFW,SIN,14,Snow,269
410,Airline A,ORD,LHR,19,Rain,164
411,Airline A,JFK,CDG,6,Clear,53
412,Airline D,JFK,CDG,7,Fog,127
413,Airline C,ORD,CDG,2,Storm,186
414,Airline A,LAX,DXB,16,Rain,212
415,Airline A,ORD,SIN,19,Snow,179
416,Airline D,ORD,DXB,5,Storm,294
417,Airline B,LAX,HKG,21,Rain,146
418,Airline D,LAX,HKG,14,Rain,183
419,Airline D,ATL,LHR,12,Clear,163
420,Airline C,DFW,LHR,22,Clear,179
421,Airline B,JFK,LHR,12,Fog,299
422,Airline D,LAX,DXB,11,Fog,96
423,Airline A,LAX,CDG,13,Storm,167
424,Airline A,ATL,LHR,8,Fog,180
425,Airline D,ATL,LHR,9,Rain,299
426,Airline C,DFW,HKG,4,Rain,235
427,Airline C,LAX,CDG,20,Rain,93
428,Airline D,LAX,DXB,4,Rain,222
429,Airline B,ATL,CDG,20,Clear,299
430,Airline C,ORD,HKG,19,Rain,110
431,Airline A,DFW,DXB,5,Rain,262
432,Airline B,LAX,SIN,11,Rain,297
433,Airline D,JFK,LHR,16,Snow,61
434,Airline B,JFK,DXB,15,Storm,228
435,Airline C,ATL,HKG,17,Storm,238
436,Airline C,JFK,CDG,21,Rain,257
437,Airline A,ATL,DXB,5,Rain,213
438,Airline D,ORD,HKG,9,Storm,76
439,Airline B,ATL,DXB,19,Fog,45
440,Airline B,LAX,LHR,20,Snow,243
441,Airline B,JFK,CDG,8,Snow,37
442,Airline B,LAX,CDG,1,Fog,94
443,Airline A,JFK,DXB,2,Rain,140
444,Airline A,JFK,HKG,9,Storm,59
445,Airline A,ATL,LHR,7,Snow,54
446,Airline C,DFW,LHR,8,Fog,106
447,Airline A,JFK,DXB,20,Fog,286
448,Airline A,JFK,SIN,18,Clear,212
449,Airline D,DFW,DXB,0,Fog,85
450,Airline D,LAX,LHR,1,Clear,181
451,Airline D,JFK,CDG,19,Clear,180
452,Airline D,ATL,DXB,3,Snow,164
453,Airline A,DFW,DXB,15,Rain,95
454,Airline A,DFW,CDG,20,Rain,2
455,Airline C,JFK,DXB,11,Fog,204
456,Airline B,LAX,HKG,1,Storm,241
457,Airline B,LAX,CDG,14,Storm,297
458,Airline D,ORD,CDG,17,Clear,182
459,Airline C,ORD,CDG,15,Fog,165
460,Airline A,ATL,LHR,20,Fog,151
461,Airline B,JFK,DXB,11,Rain,265
462,Airline D,LAX,SIN,17,Storm,139
463,Airline D,ORD,DXB,13,Snow,243
464,Airline B,JFK,DXB,20,Fog,237
465,Airline B,JFK,LHR,11,Fog,210
466,Airline B,LAX,HKG,4,Rain,116
467,Airline A,JFK,HKG,22,Snow,9
468,Airline B,DFW,LHR,3,Snow,70
469,Airline C,ORD,LHR,17,Snow,118
470,Airline C,ATL,LHR,23,Snow,118
471,Airline B,ORD,DXB,16,Storm,126
472,Airline A,JFK,LHR,15,Clear,259
473,Airline D,DFW,SIN,9,Snow,227
474,Airline B,ORD,CDG,16,Clear,85
475,Airline B,LAX,HKG,11,Clear,265
476,Airline B,DFW,SIN,11,Rain,214
477,Airline C,ORD,HKG,22,Snow,239
478,Airline C,JFK,DXB,3,Storm,248
479,Airline D,LAX,DXB,2,Rain,56
480,Airline A,JFK,LHR,0,Rain,164
481,Airline B,JFK,HKG,11,Clear,195
482,Airline B,LAX,DXB,7,Fog,238
483,Airline B,DFW,DXB,7,Storm,278
484,Airline D,ORD,HKG,11,Snow,69
485,Airline B,DFW,DXB,3,Snow,262
486,Airline C,LAX,LHR,15,Storm,18
487,Airline A,ORD,DXB,1,Snow,237
488,Airline C,LAX,SIN,3,Fog,239
489,Airline B,ATL,SIN,22,Fog,69
490,Airline D,ATL,LHR,3,Snow,197
491,Airline C,DFW,SIN,10,Rain,261
492,Airline A,LAX,DXB,2,Snow,193
493,Airline D,ORD,SIN,9,Snow,131
494,Airline B,DFW,SIN,11,Storm,69
495,Airline B,ATL,DXB,16,Fog,254
496,Airline D,ATL,HKG,8,Rain,184
497,Airline C,ATL,LHR,20,Storm,233
498,Airline C,DFW,HKG,1,Storm,229
499,Airline D,ORD,HKG,21,Rain,141
500,Airline C,ATL,SIN,17,Rain,110
501,Airline A,DFW,CDG,11,Storm,82
502,Airline D,DFW,HKG,5,Snow,242
503,Airline A,JFK,DXB,17,Rain,6
504,Airline D,JFK,DXB,12,Clear,60
505,Airline A,ORD,DXB,14,Rain,212
506,Airline B,ATL,CDG,0,Storm,182
507,Airline B,JFK,CDG,22,Clear,238
508,Airline C,ORD,LHR,7,Storm,52
509,Airline D,JFK,CDG,17,Fog,219
510,Airline B,ATL,LHR,19,Fog,82
511,Airline D,DFW,DXB,23,Snow,171
512,Airline D,ATL,CDG,11,Rain,27
513,Airline A,JFK,SIN,19,Storm,176
514,Airline B,ATL,SIN,11,Clear,154
515,Airline C,DFW,SIN,0,Rain,248
516,Airline C,LAX,CDG,9,Snow,206
517,Airline C,DFW,CDG,22,Storm,243
518,Airline D,JFK,CDG,18,Storm,166
519,Airline C,DFW,SIN,18,Fog,213
520,Airline D,ORD,DXB,10,Snow,83
521,Airline B,ATL,HKG,22,Storm,26
522,Airline D,LAX,DXB,21,Fog,34
523,Airline C,LAX,CDG,2,Fog,68
524,Airline B,ATL,HKG,13,Clear,193
525,Airline C,ATL,HKG,17,Snow,296
526,Airline D,ORD,DXB,5,Snow,49
527,Airline D,DFW,SIN,22,Storm,44
528,Airline C,LAX,LHR,8,Clear,275
529,Airline B,JFK,SIN,8,Rain,119
530,Airline D,ATL,SIN,16,Storm,291
531,Airline A,ATL,HKG,3,Fog,199
532,Airline A,LAX,CDG,3,Rain,90
533,Airline A,ATL,CDG,23,Rain,151
534,Airline A,LAX,HKG,18,Storm,163
535,Airline C,JFK,SIN,15,Clear,132
536,Airline D,JFK,DXB,16,Snow,211
537,Airline B,LAX,LHR,2,Clear,180
538,Airline A,ATL,SIN,21,Storm,255
539,Airline C,ORD,SIN,6,Snow,97
540,Airline B,ORD,LHR,4,Rain,123
541,Airline C,DFW,DXB,20,Fog,177
542,Airline D,ORD,LHR,2,Clear,240
543,Airline A,ATL,HKG,11,Snow,225
544,Airline B,ORD,LHR,18,Clear,162
545,Airline B,DFW,LHR,8,Snow,293
546,Airline C,JFK,SIN,2,Fog,154
547,Airline C,LAX,SIN,2,Storm,247
548,Airline D,ORD,CDG,15,Storm,192
549,Airline B,LAX,LHR,19,Snow,72
550,Airline A,LAX,HKG,12,Snow,258
551,Airline A,JFK,CDG,5,Storm,229
552,Airline B,DFW,LHR,0,Rain,99
553,Airline B,ATL,SIN,10,Rain,225
554,Airline D,ATL,HKG,17,Rain,29
555,Airline A,ATL,DXB,2,Fog,222
556,Airline A,DFW,CDG,17,Snow,221
557,Airline C,DFW,SIN,10,Clear,15
558,Airline C,DFW,DXB,14,Clear,284
559,Airline A,ORD,LHR,2,Snow,205
560,Airline B,LAX,HKG,11,Storm,215
561,Airline B,DFW,SIN,20,Snow,99
562,Airline C,DFW,SIN,11,Rain,23
563,Airline B,ORD,HKG,16,Rain,262
564,Airline D,LAX,SIN,0,Clear,100
565,Airline B,ATL,SIN,10,Snow,45
566,Airline B,JFK,LHR,22,Clear,239
567,Airline B,DFW,CDG,14,Storm,101
568,Airline C,DFW,DXB,8,Fog,152
569,Airline B,JFK,HKG,6,Fog,42
570,Airline A,DFW,DXB,10,Storm,54
571,Airline C,DFW,HKG,17,Rain,155
572,Airline B,DFW,HKG,22,Rain,296
573,Airline B,JFK,SIN,6,Rain,33
574,Airline D,ORD,LHR,17,Clear,237
575,Airline B,ORD,HKG,14,Clear,179
576,Airline C,JFK,DXB,15,Fog,153
577,Airline B,ORD,CDG,14,Rain,204
578,Airline C,ATL,DXB,22,Rain,267
579,Airline A,ATL,LHR,3,Storm,21
580,Airline B,JFK,CDG,23,Fog,5
581,Airline C,LAX,SIN,2,Clear,35
582,Airline A,DFW,DXB,13,Fog,125
583,Airline C,LAX,DXB,20,Rain,228
584,Airline B,DFW,HKG,2,Rain,186
585,Airline C,ORD,HKG,22,Clear,58
586,Airline B,ORD,CDG,15,Clear,67
587,Airline C,ATL,SIN,14,Fog,119
588,Airline A,LAX,HKG,18,Snow,244
589,Airline B,JFK,DXB,9,Rain,67
590,Airline A,DFW,CDG,20,Rain,153
591,Airline B,ORD,HKG,16,Snow,296
592,Airline C,DFW,HKG,3,Fog,202
593,Airline A,JFK,LHR,21,Storm,132
594,Airline B,DFW,CDG,17,Storm,115
595,Airline A,ATL,CDG,21,Rain,92
596,Airline D,JFK,SIN,9,Storm,101
597,Airline A,JFK,HKG,22,Fog,274
598,Airline B,DFW,CDG,15,Storm,117
599,Airline C,DFW,SIN,23,Clear,64
600,Airline D,ORD,HKG,2,Fog,68
601,Airline D,DFW,DXB,11,Snow,214
602,Airline D,JFK,LHR,18,Rain,146
603,Airline A,DFW,SIN,20,Fog,65
604,Airline B,ORD,LHR,2,Storm,175
605,Airline A,LAX,DXB,8,Fog,65
606,Airline D,ATL,CDG,6,Snow,200
607,Airline D,JFK,HKG,15,Fog,17
608,Airline D,ORD,CDG,20,Snow,294
609,Airline A,ATL,LHR,20,Snow,126
610,Airline D,DFW,CDG,0,Fog,200
611,Airline C,DFW,CDG,14,Rain,50
612,Airline B,LAX,SIN,1,Rain,126
613,Airline D,DFW,SIN,15,Storm,150
614,Airline B,ATL,DXB,6,Fog,160
615,Airline A,ORD,SIN,13,Fog,187
616,Airline D,LAX,SIN,22,Clear,229
617,Airline C,ATL,SIN,1,Rain,97
618,Airline D,ORD,SIN,23,Snow,180
619,Airline C,ATL,DXB,23,Clear,204
620,Airline C,DFW,SIN,17,Fog,81
621,Airline B,ATL,SIN,0,Clear,32
622,Airline B,LAX,LHR,15,Rain,237
623,Airline A,ATL,SIN,8,Fog,80
624,Airline C,JFK,DXB,2,Rain,1
625,Airline C,DFW,DXB,12,Clear,89
626,Airline B,ATL,CDG,1,Storm,125
627,Airline A,ORD,SIN,17,Snow,20
628,Airline B,DFW,HKG,1,Snow,4
629,Airline B,ORD,CDG,7,Storm,283
630,Airline A,LAX,DXB,2,Storm,196
631,Airline C,JFK,CDG,16,Storm,253
632,Airline C,ATL,HKG,23,Rain,249
633,Airline A,DFW,LHR,1,Fog,82
634,Airline C,ATL,HKG,5,Storm,235
635,Airline A,ATL,CDG,7,Rain,167
636,Airline A,DFW,SIN,16,Clear,5
637,Airline B,JFK,LHR,23,Clear,141
638,Airline C,JFK,HKG,5,Storm,124
639,Airline C,LAX,SIN,11,Clear,166
640,Airline A,DFW,HKG,20,Storm,168
641,Airline B,DFW,DXB,15,Clear,23
642,Airline B,ORD,SIN,5,Clear,170
643,Airline C,ORD,DXB,1,Fog,108
644,Airline D,ORD,LHR,2,Fog,209
645,Airline A,JFK,LHR,8,Clear,94
646,Airline C,LAX,LHR,18,Fog,201
647,Airline C,LAX,LHR,9,Storm,284
648,Airline D,ATL,DXB,22,Snow,1
649,Airline D,LAX,DXB,12,Storm,285
650,Airline B,ORD,CDG,19,Fog,230
651,Airline B,DFW,CDG,12,Rain,253
652,Airline B,ATL,DXB,19,Clear,110
653,Airline B,JFK,LHR,14,Fog,73
654,Airline A,LAX,CDG,12,Fog,75
655,Airline D,DFW,SIN,12,Fog,211
656,Airline C,ORD,DXB,5,Storm,117
657,Airline B,JFK,SIN,17,Clear,232
658,Airline C,JFK,LHR,6,Snow,186
659,Airline A,LAX,DXB,2,Fog,274
660,Airline B,DFW,CDG,0,Rain,150
661,Airline A,ORD,CDG,11,Clear,210
662,Airline B,ORD,SIN,22,Snow,288
663,Airline C,ORD,DXB,4,Rain,206
664,Airline A,ORD,LHR,10,Snow,89
665,Airline B,LAX,HKG,11,Snow,145
666,Airline C,LAX,HKG,22,Clear,64
667,Airline C,DFW,LHR,15,Storm,85
668,Airline C,ATL,CDG,0,Rain,291
669,Airline B,LAX,HKG,20,Fog,160
670,Airline C,ORD,LHR,17,Snow,230
671,Airline C,DFW,SIN,0,Rain,141
672,Airline B,ORD,CDG,21,Clear,238
673,Airline A,LAX,LHR,4,Rain,292
674,Airline C,DFW,SIN,3,Fog,236
675,Airline B,ORD,DXB,0,Fog,132
676,Airline A,ATL,HKG,14,Clear,188
677,Airline C,JFK,HKG,4,Rain,213
678,Airline B,JFK,HKG,6,Storm,142
679,Airline D,ORD,LHR,16,Storm,292
680,Airline B,JFK,DXB,19,Snow,282
681,Airline C,ATL,LHR,5,Snow,111
682,Airline A,ATL,LHR,12,Rain,256
683,Airline A,ORD,DXB,23,Snow,199
684,Airline A,ATL,SIN,22,Fog,224
685,Airline C,JFK,CDG,14,Clear,284
686,Airline C,ORD,HKG,6,Snow,158
687,Airline A,JFK,DXB,23,Storm,293
688,Airline A,ATL,SIN,6,Fog,7
689,Airline A,ATL,DXB,12,Storm,94
690,Airline A,DFW,CDG,3,Snow,164
691,Airline B,LAX,DXB,21,Snow,206
692,Airline C,LAX,DXB,17,Fog,181
693,Airline D,ORD,SIN,7,Storm,95
694,Airline A,JFK,HKG,18,Clear,281
695,Airline B,LAX,HKG,15,Clear,112
696,Airline D,ORD,SIN,19,Fog,266
697,Airline D,ATL,SIN,17,Snow,22
698,Airline A,LAX,LHR,15,Fog,288
699,Airline A,JFK,LHR,15,Storm,112
700,Airline B,DFW,CDG,1,Clear,131
701,Airline A,DFW,LHR,13,Snow,11
702,Airline D,LAX,LHR,21,Storm,233
703,Airline A,DFW,DXB,18,Clear,238
704,Airline B,ORD,DXB,15,Clear,102
705,Airline B,JFK,SIN,21,Rain,169
706,Airline B,ATL,HKG,3,Snow,184
707,Airline B,JFK,CDG,12,Fog,65
708,Airline B,ATL,LHR,7,Rain,134
709,Airline A,DFW,DXB,2,Clear,124
710,Airline C,ORD,HKG,23,Snow,56
711,Airline B,ATL,LHR,2,Snow,277
712,Airline C,DFW,HKG,4,Rain,181
713,Airline A,ATL,DXB,10,Storm,147
714,Airline B,LAX,SIN,12,Storm,260
715,Airline C,JFK,LHR,1,Fog,13
716,Airline C,ORD,LHR,5,Snow,113
717,Airline D,DFW,CDG,6,Rain,26
718,Airline C,ORD,LHR,23,Clear,259
719,Airline D,JFK,DXB,3,Storm,218
720,Airline D,ATL,HKG,8,Rain,219
721,Airline C,ATL,HKG,17,Fog,169
722,Airline D,ORD,SIN,13,Fog,79
723,Airline C,ATL,SIN,23,Snow,274
724,Airline D,ATL,DXB,5,Fog,115
725,Airline B,ATL,HKG,19,Fog,93
726,Airline B,LAX,SIN,1,Storm,68
727,Airline B,DFW,SIN,3,Storm,286
728,Airline C,DFW,CDG,14,Fog,170
729,Airline C,JFK,CDG,2,Snow,94
730,Airline A,ATL,DXB,3,Storm,148
731,Airline C,ORD,DXB,3,Storm,222
732,Airline A,ATL,DXB,14,Fog,192
733,Airline A,JFK,DXB,10,Snow,232
734,Airline B,ATL,HKG,22,Fog,204
735,Airline C,LAX,LHR,16,Clear,161
736,Airline C,JFK,DXB,14,Clear,35
737,Airline A,DFW,CDG,20,Snow,229
738,Airline A,DFW,LHR,2,Clear,40
739,Airline C,LAX,LHR,22,Snow,161
740,Airline A,DFW,HKG,22,Clear,152
741,Airline C,LAX,SIN,23,Rain,75
742,Airline C,DFW,LHR,9,Storm,250
743,Airline D,DFW,HKG,3,Fog,277
744,Airline A,ATL,HKG,12,Snow,187
745,Airline B,JFK,HKG,1,Clear,277
746,Airline C,DFW,DXB,5,Rain,188
747,Airline A,JFK,SIN,18,Clear,125
748,Airline A,JFK,DXB,23,Rain,239
749,Airline A,DFW,CDG,7,Fog,193
750,Airline C,JFK,SIN,5,Storm,199
751,Airline C,LAX,DXB,19,Storm,224
752,Airline C,ORD,SIN,13,Rain,68
753,Airline A,LAX,CDG,7,Clear,191
754,Airline B,DFW,DXB,5,Storm,9
755,Airline D,LAX,SIN,11,Clear,266
756,Airline B,ORD,CDG,8,Snow,245
757,Airline C,LAX,HKG,6,Clear,260
758,Airline C,JFK,SIN,12,Snow,11
759,Airline C,DFW,CDG,15,Snow,43
760,Airline B,JFK,HKG,7,Storm,108
761,Airline B,JFK,CDG,13,Snow,89
762,Airline C,DFW,LHR,15,Clear,284
763,Airline D,DFW,CDG,19,Fog,291
764,Airline D,ATL,DXB,5,Clear,290
765,Airline A,ORD,DXB,22,Rain,263
766,Airline B,JFK,DXB,3,Rain,271
767,Airline D,JFK,DXB,3,Clear,298
768,Airline C,DFW,LHR,2,Rain,68
769,Airline B,DFW,LHR,9,Fog,143
770,Airline A,LAX,LHR,5,Rain,55
771,Airline A,JFK,HKG,17,Storm,40
772,Airline B,JFK,SIN,12,Fog,76
773,Airline C,DFW,DXB,10,Storm,7
774,Airline D,JFK,SIN,3,Storm,89
775,Airline B,ORD,DXB,7,Fog,264
776,Airline C,ATL,DXB,2,Storm,193
777,Airline B,DFW,DXB,11,Rain,70
778,Airline A,DFW,LHR,12,Clear,285
779,Airline B,JFK,HKG,23,Fog,107
780,Airline C,ATL,DXB,22,Clear,94
781,Airline C,ATL,DXB,22,Fog,285
782,Airline A,DFW,DXB,10,Fog,244
783,Airline C,DFW,CDG,8,Storm,74
784,Airline C,DFW,DXB,3,Clear,136
785,Airline A,ORD,LHR,10,Rain,221
786,Airline C,JFK,LHR,7,Clear,203
787,Airline C,ORD,SIN,17,Fog,60
788,Airline B,DFW,LHR,2,Rain,261
789,Airline B,ATL,SIN,3,Storm,64
790,Airline B,JFK,HKG,16,Rain,36
791,Airline B,JFK,CDG,15,Rain,233
792,Airline D,DFW,LHR,6,Clear,200
793,Airline B,DFW,DXB,1,Fog,101
794,Airline B,DFW,HKG,4,Fog,109
795,Airline B,DFW,DXB,0,Fog,49
796,Airline A,DFW,SIN,21,Snow,286
797,Airline B,DFW,SIN,12,Storm,159
798,Airline D,JFK,CDG,11,Clear,210
799,Airline D,ORD,HKG,18,Fog,144
800,Airline D,ATL,SIN,21,Rain,188
801,Airline C,DFW,DXB,7,Snow,184
802,Airline A,ATL,LHR,7,Storm,248
803,Airline B,JFK,LHR,11,Fog,160
804,Airline B,ATL,HKG,3,Snow,146
805,Airline C,JFK,HKG,6,Storm,270
806,Airline A,LAX,SIN,15,Rain,162
807,Airline C,ORD,LHR,21,Snow,176
808,Airline D,LAX,CDG,17,Clear,229
809,Airline C,JFK,CDG,5,Storm,163
810,Airline A,LAX,CDG,17,Snow,223
811,Airline C,JFK,CDG,3,Snow,223
812,Airline A,LAX,SIN,20,Storm,231
813,Airline C,JFK,DXB,8,Snow,53
814,Airline A,ORD,CDG,12,Snow,35
815,Airline B,ORD,SIN,18,Storm,52
816,Airline D,ORD,CDG,11,Rain,187
817,Airline A,JFK,CDG,15,Clear,73
818,Airline C,ATL,DXB,4,Storm,299
819,Airline C,LAX,CDG,1,Fog,288
820,Airline D,LAX,SIN,2,Snow,43
821,Airline B,LAX,SIN,12,Clear,50
822,Airline B,LAX,LHR,20,Clear,98
823,Airline B,ORD,HKG,6,Storm,50
824,Airline A,ATL,CDG,12,Fog,134
825,Airline D,LAX,CDG,15,Fog,212
826,Airline A,ATL,SIN,21,Rain,140
827,Airline A,JFK,CDG,13,Fog,113
828,Airline A,JFK,SIN,17,Storm,238
829,Airline A,LAX,LHR,12,Clear,174
830,Airline C,DFW,CDG,13,Clear,46
831,Airline C,ORD,LHR,8,Fog,265
832,Airline C,LAX,LHR,7,Snow,25
833,Airline A,ORD,HKG,4,Rain,49
834,Airline B,LAX,SIN,22,Fog,128
835,Airline C,ORD,LHR,6,Storm,144
836,Airline D,DFW,SIN,15,Rain,144
837,Airline C,DFW,HKG,9,Fog,166
838,Airline A,JFK,SIN,21,Rain,42
839,Airline A,LAX,HKG,2,Snow,40
840,Airline A,DFW,CDG,23,Storm,14
841,Airline C,DFW,HKG,16,Fog,128
842,Airline B,LAX,HKG,9,Clear,57
843,Airline A,LAX,HKG,10,Storm,53
844,Airline D,JFK,DXB,19,Snow,223
845,Airline A,DFW,LHR,9,Snow,202
846,Airline B,ORD,SIN,17,Clear,132
847,Airline B,LAX,SIN,20,Storm,61
848,Airline B,LAX,DXB,22,Fog,242
849,Airline A,LAX,CDG,0,Clear,209
850,Airline D,LAX,LHR,3,Fog,241
851,Airline D,DFW,LHR,2,Rain,209
852,Airline A,ORD,LHR,19,Fog,214
853,Airline C,JFK,LHR,5,Rain,243
854,Airline C,ATL,DXB,5,Fog,70
855,Airline D,DFW,SIN,16,Rain,89
856,Airline C,DFW,CDG,18,Storm,155
857,Airline C,ATL,CDG,16,Snow,83
858,Airline D,ATL,CDG,16,Storm,150
859,Airline C,LAX,DXB,16,Clear,159
860,Airline C,ORD,DXB,2,Storm,81
861,Airline A,DFW,HKG,13,Storm,288
862,Airline C,DFW,DXB,1,Snow,185
863,Airline D,JFK,LHR,3,Storm,88
864,Airline A,ATL,SIN,22,Clear,159
865,Airline D,ATL,CDG,17,Storm,49
866,Airline A,DFW,DXB,1,Storm,178
867,Airline D,ATL,SIN,11,Storm,219
868,Airline B,LAX,LHR,14,Storm,204
869,Airline A,JFK,DXB,12,Snow,18
870,Airline A,DFW,DXB,10,Snow,2
871,Airline A,JFK,SIN,6,Clear,115
872,Airline D,LAX,LHR,8,Clear,298
873,Airline B,JFK,DXB,14,Clear,156
874,Airline A,ATL,SIN,2,Storm,240
875,Airline B,DFW,LHR,9,Fog,107
876,Airline C,JFK,DXB,7,Storm,299
877,Airline A,ORD,DXB,5,Fog,51
878,Airline C,DFW,CDG,13,Clear,27
879,Airline A,JFK,HKG,5,Storm,211
880,Airline B,DFW,LHR,18,Clear,108
881,Airline C,JFK,SIN,8,Snow,257
882,Airline D,JFK,CDG,8,Clear,219
883,Airline A,ATL,DXB,19,Storm,16
884,Airline A,JFK,SIN,15,Snow,239
885,Airline B,ORD,CDG,12,Snow,211
886,Airline D,ATL,CDG,12,Fog,283
887,Airline A,ORD,HKG,11,Rain,283
888,Airline C,ORD,CDG,21,Snow,179
889,Airline D,LAX,LHR,20,Rain,271
890,Airline D,ORD,HKG,19,Clear,84
891,Airline B,JFK,HKG,1,Clear,260
892,Airline C,DFW,DXB,3,Snow,209
893,Airline C,ATL,DXB,6,Fog,61
894,Airline A,ATL,LHR,18,Clear,4
895,Airline A,ATL,SIN,2,Rain,106
896,Airline D,DFW,LHR,10,Snow,10
897,Airline D,ORD,HKG,18,Snow,214
898,Airline B,LAX,DXB,13,Fog,218
899,Airline D,JFK,LHR,16,Snow,178
900,Airline B,ATL,DXB,4,Storm,65
901,Airline B,JFK,LHR,13,Rain,184
902,Airline C,ORD,LHR,6,Storm,16
903,Airline C,LAX,CDG,11,Storm,39
904,Airline D,ATL,LHR,16,Rain,75
905,Airline D,ORD,DXB,19,Snow,245
906,Airline C,LAX,LHR,21,Snow,50
907,Airline D,ATL,SIN,20,Storm,128
908,Airline C,ORD,CDG,17,Rain,259
909,Airline A,JFK,LHR,0,Clear,208
910,Airline D,DFW,SIN,10,Rain,210
911,Airline B,ATL,DXB,3,Storm,131
912,Airline A,LAX,SIN,11,Rain,83
913,Airline A,LAX,CDG,4,Rain,48
914,Airline D,DFW,DXB,14,Clear,245
915,Airline C,DFW,LHR,19,Fog,38
916,Airline B,ORD,LHR,2,Fog,144
917,Airline C,DFW,SIN,14,Clear,142
918,Airline D,ATL,LHR,7,Rain,246
919,Airline C,DFW,DXB,21,Storm,155
920,Airline D,ATL,DXB,10,Clear,15
921,Airline D,JFK,LHR,11,Fog,280
922,Airline B,DFW,SIN,2,Fog,38
923,Airline D,JFK,LHR,5,Clear,144
924,Airline B,LAX,HKG,7,Rain,45
925,Airline A,DFW,LHR,6,Snow,19
926,Airline C,LAX,CDG,16,Storm,132
927,Airline D,JFK,LHR,15,Snow,267
928,Airline C,LAX,HKG,21,Storm,80
929,Airline C,JFK,CDG,16,Snow,157
930,Airline B,ORD,SIN,12,Snow,223
931,Airline C,JFK,CDG,3,Storm,1
932,Airline C,ORD,DXB,9,Storm,124
933,Airline C,LAX,HKG,15,Fog,240
934,Airline D,JFK,DXB,18,Rain,116
935,Airline C,ORD,DXB,6,Rain,263
936,Airline A,JFK,CDG,17,Fog,36
937,Airline B,ATL,CDG,12,Snow,215
938,Airline A,ATL,DXB,3,Storm,48
939,Airline B,LAX,SIN,20,Clear,216
940,Airline C,ATL,LHR,17,Snow,58
941,Airline B,DFW,LHR,15,Rain,59
942,Airline D,ORD,HKG,17,Storm,77
943,Airline D,DFW,CDG,15,Fog,118
944,Airline A,ATL,LHR,21,Snow,126
945,Airline D,LAX,SIN,23,Clear,206
946,Airline C,DFW,HKG,22,Snow,159
947,Airline A,LAX,CDG,21,Fog,84
948,Airline A,JFK,LHR,23,Clear,3
949,Airline A,DFW,DXB,20,Snow,156
950,Airline D,JFK,SIN,8,Fog,176
951,Airline B,DFW,SIN,1,Snow,278
952,Airline D,ORD,CDG,5,Storm,251
953,Airline A,LAX,SIN,22,Snow,79
954,Airline B,JFK,CDG,20,Fog,43
955,Airline A,ATL,SIN,5,Rain,217
956,Airline A,DFW,LHR,5,Fog,198
957,Airline B,JFK,CDG,13,Snow,179
958,Airline B,DFW,SIN,10,Storm,207
959,Airline A,DFW,LHR,16,Rain,193
960,Airline A,DFW,LHR,3,Fog,11
961,Airline D,JFK,LHR,3,Rain,204
962,Airline D,JFK,CDG,18,Storm,125
963,Airline D,DFW,CDG,23,Clear,71
964,Airline C,ATL,SIN,21,Rain,219
965,Airline A,LAX,DXB,22,Fog,71
966,Airline D,DFW,DXB,15,Storm,120
967,Airline A,ATL,HKG,7,Fog,273
968,Airline C,LAX,DXB,18,Storm,299
969,Airline D,DFW,DXB,19,Fog,42
970,Airline D,LAX,SIN,0,Storm,207
971,Airline A,DFW,CDG,3,Snow,213
972,Airline A,JFK,DXB,11,Fog,76
973,Airline B,DFW,HKG,20,Storm,149
974,Airline B,DFW,SIN,18,Clear,251
975,Airline D,DFW,LHR,1,Storm,59
976,Airline B,DFW,LHR,5,Clear,212
977,Airline D,ATL,HKG,19,Rain,62
978,Airline A,ORD,CDG,21,Storm,279
979,Airline B,ATL,LHR,2,Rain,192
980,Airline D,ATL,CDG,2,Rain,28
981,Airline A,JFK,DXB,0,Snow,0
982,Airline D,DFW,DXB,8,Storm,72
983,Airline C,ATL,DXB,6,Snow,276
984,Airline B,LAX,LHR,8,Snow,205
985,Airline C,DFW,LHR,0,Rain,155
986,Airline A,JFK,CDG,7,Fog,145
987,Airline D,JFK,CDG,17,Rain,51
988,Airline D,LAX,HKG,2,Rain,114
989,Airline A,JFK,DXB,16,Clear,225
990,Airline C,DFW,SIN,6,Fog,87
991,Airline D,ORD,SIN,10,Rain,61
992,Airline C,ORD,DXB,4,Fog,18
993,Airline C,ATL,HKG,12,Clear,257
994,Airline C,JFK,CDG,10,Fog,197
995,Airline B,DFW,LHR,2,Storm,78
996,Airline C,LAX,HKG,12,Clear,10
997,Airline B,LAX,HKG,19,Fog,143
998,Airline C,DFW,DXB,5,Snow,243
999,Airline C,DFW,CDG,21,Fog,84
1000,Airline B,LAX,SIN,14,Clear,26
1001,Airline D,JFK,SIN,1,Snow,277
1002,Airline D,ATL,SIN,22,Fog,2
1003,Airline A,ATL,HKG,1,Fog,258
1004,Airline A,ATL,LHR,13,Clear,242
1005,Airline D,DFW,CDG,1,Snow,42
1006,Airline A,LAX,LHR,4,Snow,197
1007,Airline D,LAX,SIN,15,Fog,88
1008,Airline A,LAX,LHR,7,Storm,232
1009,Airline D,LAX,HKG,7,Clear,292
1010,Airline B,LAX,DXB,10,Clear,38
1011,Airline A,ORD,LHR,12,Rain,162
1012,Airline B,DFW,LHR,14,Snow,298
1013,Airline B,DFW,LHR,3,Snow,20
1014,Airline B,ORD,SIN,22,Rain,9
1015,Airline B,ATL,LHR,7,Fog,44
1016,Airline B,JFK,CDG,15,Fog,92
1017,Airline C,DFW,HKG,15,Clear,2
1018,Airline B,DFW,CDG,23,Fog,42
1019,Airline A,ORD,CDG,20,Storm,179
1020,Airline B,DFW,SIN,9,Storm,296
1021,Airline A,DFW,LHR,1,Storm,106
1022,Airline B,ATL,HKG,17,Rain,204
1023,Airline A,ORD,HKG,20,Storm,264
1024,Airline B,DFW,HKG,15,Rain,123
1025,Airline D,LAX,LHR,3,Clear,112
1026,Airline C,ORD,HKG,19,Clear,46
1027,Airline A,ATL,HKG,18,Storm,155
1028,Airline A,JFK,DXB,7,Rain,283
1029,Airline B,DFW,DXB,19,Storm,235
1030,Airline A,LAX,HKG,22,Fog,138
1031,Airline B,LAX,CDG,7,Rain,284
1032,Airline C,JFK,LHR,13,Rain,241
1033,Airline D,ORD,CDG,15,Rain,248
1034,Airline D,ATL,CDG,5,Rain,203
1035,Airline C,DFW,LHR,17,Fog,199
1036,Airline B,DFW,LHR,7,Storm,56
1037,Airline B,DFW,SIN,18,Clear,73
1038,Airline C,LAX,SIN,3,Snow,118
1039,Airline A,ORD,SIN,3,Snow,58
1040,Airline A,JFK,HKG,6,Rain,290
1041,Airline A,ORD,HKG,7,Rain,291
1042,Airline C,ATL,HKG,8,Clear,57
1043,Airline D,ATL,SIN,0,Snow,218
1044,Airline D,JFK,LHR,16,Rain,231
1045,Airline D,LAX,HKG,6,Fog,257
1046,Airline B,JFK,LHR,19,Snow,283
1047,Airline C,ATL,SIN,9,Fog,62
1048,Airline A,LAX,LHR,23,Clear,179
1049,Airline D,ORD,HKG,20,Clear,230
1050,Airline D,ATL,LHR,0,Snow,163
1051,Airline D,LAX,SIN,17,Storm,209
1052,Airline B,LAX,HKG,13,Snow,42
1053,Airline B,DFW,HKG,18,Fog,132
1054,Airline A,ORD,SIN,17,Storm,217
1055,Airline D,LAX,CDG,12,Fog,202
1056,Airline D,JFK,DXB,6,Fog,177
1057,Airline D,ORD,SIN,1,Fog,271
1058,Airline B,ORD,LHR,6,Rain,51
1059,Airline A,ATL,CDG,9,Storm,70
1060,Airline C,ORD,SIN,16,Rain,2
1061,Airline B,ORD,DXB,20,Rain,88
1062,Airline D,DFW,HKG,4,Fog,50
1063,Airline A,ORD,DXB,8,Clear,159
1064,Airline A,LAX,DXB,3,Snow,132
1065,Airline C,JFK,SIN,19,Clear,246
1066,Airline D,DFW,HKG,21,Fog,170
1067,Airline B,DFW,HKG,14,Snow,210
1068,Airline B,DFW,DXB,13,Snow,158
1069,Airline B,DFW,SIN,17,Fog,149
1070,Airline D,ATL,HKG,9,Rain,58
1071,Airline D,DFW,HKG,15,Snow,46
1072,Airline D,ATL,LHR,21,Snow,30
1073,Airline B,ATL,DXB,22,Snow,246
1074,Airline D,ORD,CDG,19,Snow,186
1075,Airline D,JFK,DXB,9,Storm,234
1076,Airline D,ORD,SIN,8,Rain,170
1077,Airline C,ATL,HKG,15,Storm,80
1078,Airline C,ORD,HKG,4,Storm,4
1079,Airline D,LAX,LHR,18,Fog,3
1080,Airline D,DFW,HKG,0,Rain,142
1081,Airline B,DFW,HKG,23,Clear,135
1082,Airline A,ATL,CDG,0,Rain,271
1083,Airline D,ORD,DXB,23,Clear,254
1084,Airline B,LAX,HKG,4,Snow,211
1085,Airline B,LAX,SIN,6,Clear,279
1086,Airline A,LAX,CDG,23,Clear,250
1087,Airline B,ATL,CDG,14,Clear,181
1088,Airline A,ORD,LHR,10,Snow,208
1089,Airline D,LAX,SIN,11,Snow,205
1090,Airline C,LAX,CDG,16,Storm,237
1091,Airline A,ORD,DXB,16,Clear,158
1092,Airline D,ORD,SIN,22,Rain,19
1093,Airline D,DFW,DXB,16,Fog,53
1094,Airline C,JFK,LHR,3,Storm,243
1095,Airline B,JFK,LHR,21,Clear,161
1096,Airline A,LAX,HKG,1,Storm,203
1097,Airline A,ORD,DXB,9,Clear,231
1098,Airline B,DFW,DXB,4,Clear,192
1099,Airline C,ATL,LHR,9,Storm,143
1100,Airline A,JFK,DXB,9,Clear,211
1101,Airline A,JFK,SIN,10,Clear,290
1102,Airline B,ORD,HKG,9,Fog,104
1103,Airline D,ATL,HKG,10,Rain,130
1104,Airline C,JFK,SIN,5,Snow,276
1105,Airline D,DFW,CDG,20,Fog,277
1106,Airline D,JFK,DXB,9,Snow,141
1107,Airline B,ORD,CDG,7,Snow,66
1108,Airline A,ORD,CDG,10,Rain,196
1109,Airline B,ATL,DXB,19,Fog,58
1110,Airline D,JFK,LHR,23,Clear,233
1111,Airline B,ATL,DXB,18,Rain,175
1112,Airline C,JFK,LHR,6,Clear,101
1113,Airline D,LAX,SIN,20,Clear,36
1114,Airline D,JFK,LHR,11,Clear,84
1115,Airline C,ORD,CDG,20,Clear,23
1116,Airline B,ORD,CDG,5,Fog,198
1117,Airline B,LAX,CDG,11,Snow,125
1118,Airline B,JFK,LHR,4,Snow,255
1119,Airline A,JFK,CDG,12,Fog,74
1120,Airline D,ORD,HKG,16,Snow,109
1121,Airline C,LAX,DXB,8,Rain,5
1122,Airline D,ORD,CDG,19,Clear,39
1123,Airline A,LAX,LHR,20,Clear,204
1124,Airline D,ORD,CDG,16,Clear,144
1125,Airline C,DFW,LHR,18,Storm,1
1126,Airline C,JFK,DXB,18,Rain,157
1127,Airline D,ATL,LHR,7,Storm,227
1128,Airline A,DFW,DXB,7,Fog,198
1129,Airline D,ORD,CDG,14,Storm,251
1130,Airline A,LAX,HKG,6,Snow,82
1131,Airline B,ATL,CDG,5,Snow,44
1132,Airline C,LAX,DXB,15,Rain,198
1133,Airline D,LAX,SIN,7,Storm,174
1134,Airline C,JFK,SIN,2,Storm,32
1135,Airline C,ORD,SIN,9,Clear,34
1136,Airline D,JFK,CDG,9,Rain,191
1137,Airline B,LAX,LHR,23,Clear,84
1138,Airline C,JFK,HKG,18,Rain,100
1139,Airline C,DFW,HKG,1,Rain,208
1140,Airline A,LAX,CDG,8,Storm,28
1141,Airline A,LAX,DXB,0,Clear,273
1142,Airline B,DFW,CDG,9,Fog,185
1143,Airline D,LAX,SIN,17,Clear,47
1144,Airline C,ATL,DXB,22,Fog,266
1145,Airline B,ATL,HKG,0,Snow,169
1146,Airline D,ORD,CDG,11,Rain,145
1147,Airline A,ORD,LHR,4,Clear,15
1148,Airline C,JFK,LHR,10,Rain,296
1149,Airline C,JFK,HKG,19,Clear,42
1150,Airline D,DFW,DXB,13,Snow,286
1151,Airline B,DFW,SIN,14,Clear,283
1152,Airline C,LAX,LHR,1,Snow,50
1153,Airline C,ORD,LHR,3,Rain,26
1154,Airline A,ORD,CDG,18,Storm,8
1155,Airline B,ORD,HKG,12,Fog,251
1156,Airline A,ORD,LHR,18,Rain,232
1157,Airline D,JFK,CDG,12,Storm,218
1158,Airline D,ATL,DXB,22,Rain,56
1159,Airline B,DFW,LHR,11,Rain,174
1160,Airline A,DFW,HKG,1,Clear,113
1161,Airline D,ORD,CDG,4,Snow,217
1162,Airline B,ORD,DXB,17,Snow,245
1163,Airline D,JFK,CDG,22,Clear,67
1164,Airline C,JFK,SIN,22,Clear,57
1165,Airline C,DFW,HKG,18,Rain,75
1166,Airline B,ORD,HKG,2,Snow,110
1167,Airline D,ORD,LHR,23,Rain,111
1168,Airline B,DFW,CDG,22,Storm,221
1169,Airline B,JFK,DXB,3,Storm,205
1170,Airline B,DFW,LHR,17,Clear,71
1171,Airline C,JFK,HKG,11,Snow,1
1172,Airline B,JFK,CDG,2,Storm,188
1173,Airline C,JFK,DXB,10,Snow,39
1174,Airline C,ORD,HKG,13,Snow,170
1175,Airline D,DFW,DXB,2,Fog,47
1176,Airline B,JFK,CDG,4,Storm,199
1177,Airline D,ATL,DXB,6,Storm,56
1178,Airline C,JFK,LHR,19,Rain,195
1179,Airline B,JFK,LHR,16,Rain,11
1180,Airline C,JFK,CDG,18,Snow,178
1181,Airline B,LAX,HKG,2,Clear,73
1182,Airline B,ATL,SIN,0,Rain,28
1183,Airline A,ORD,SIN,7,Rain,91
1184,Airline D,DFW,SIN,19,Snow,284
1185,Airline A,DFW,HKG,4,Storm,106
1186,Airline B,DFW,LHR,2,Rain,246
1187,Airline A,ORD,LHR,19,Clear,255
1188,Airline C,JFK,LHR,16,Snow,97
1189,Airline B,ATL,CDG,12,Storm,45
1190,Airline B,DFW,LHR,12,Fog,19
1191,Airline B,LAX,LHR,3,Clear,58
1192,Airline A,LAX,LHR,17,Storm,239
1193,Airline D,ATL,SIN,5,Snow,35
1194,Airline D,DFW,DXB,1,Fog,0
1195,Airline D,JFK,LHR,14,Clear,299
1196,Airline A,DFW,DXB,1,Rain,182
1197,Airline C,JFK,LHR,19,Rain,84
1198,Airline A,DFW,SIN,19,Clear,81
1199,Airline D,LAX,SIN,15,Rain,158
1200,Airline A,ORD,DXB,10,Snow,247
1201,Airline C,ATL,SIN,16,Clear,227
1202,Airline B,JFK,CDG,22,Clear,48
1203,Airline B,ORD,HKG,0,Rain,299
1204,Airline D,JFK,HKG,12,Clear,286
1205,Airline D,ATL,LHR,7,Fog,211
1206,Airline C,ORD,SIN,2,Clear,138
1207,Airline A,ORD,HKG,13,Rain,103
1208,Airline C,ATL,DXB,23,Rain,64
1209,Airline C,ATL,DXB,23,Rain,144
1210,Airline B,JFK,DXB,13,Rain,27
1211,Airline A,ORD,LHR,20,Snow,81
1212,Airline B,ATL,HKG,13,Rain,8
1213,Airline B,JFK,HKG,18,Fog,161
1214,Airline C,DFW,HKG,10,Clear,222
1215,Airline B,ATL,DXB,11,Storm,130
1216,Airline D,ORD,DXB,0,Storm,128
1217,Airline D,DFW,LHR,0,Snow,135
1218,Airline B,ATL,CDG,13,Storm,285
1219,Airline B,LAX,HKG,17,Rain,96
1220,Airline A,ORD,LHR,21,Storm,8
1221,Airline D,ORD,DXB,1,Fog,277
1222,Airline A,JFK,CDG,3,Rain,208
1223,Airline B,LAX,SIN,21,Storm,8
1224,Airline D,ATL,CDG,17,Rain,295
1225,Airline C,LAX,LHR,3,Snow,291
1226,Airline C,ATL,CDG,22,Fog,146
1227,Airline B,JFK,DXB,16,Clear,1
1228,Airline A,DFW,CDG,15,Rain,160
1229,Airline C,LAX,DXB,15,Fog,63
1230,Airline C,ORD,CDG,8,Snow,254
1231,Airline D,ATL,LHR,9,Snow,118
1232,Airline A,LAX,SIN,6,Fog,110
1233,Airline A,ATL,HKG,8,Storm,190
1234,Airline C,LAX,CDG,22,Fog,207
1235,Airline B,ORD,SIN,15,Storm,213
1236,Airline C,ATL,CDG,16,Storm,91
1237,Airline A,ATL,SIN,22,Fog,77
1238,Airline D,DFW,DXB,23,Snow,5
1239,Airline A,JFK,SIN,15,Clear,45
1240,Airline D,LAX,HKG,15,Clear,275
1241,Airline D,ORD,SIN,19,Fog,112
1242,Airline D,DFW,HKG,20,Rain,15
1243,Airline A,DFW,HKG,18,Fog,250
1244,Airline A,JFK,SIN,9,Clear,252
1245,Airline B,ORD,HKG,1,Fog,249
1246,Airline C,LAX,HKG,2,Snow,47
1247,Airline A,ATL,DXB,6,Clear,112
1248,Airline D,JFK,LHR,23,Clear,259
1249,Airline A,ATL,DXB,1,Clear,175
1250,Airline A,DFW,LHR,12,Snow,97
1251,Airline C,ATL,LHR,3,Clear,194
1252,Airline A,LAX,DXB,14,Rain,284
1253,Airline D,LAX,HKG,17,Clear,148
1254,Airline C,ATL,DXB,6,Fog,297
1255,Airline B,ATL,HKG,17,Rain,2
1256,Airline D,JFK,DXB,6,Storm,278
1257,Airline D,LAX,DXB,23,Clear,260
1258,Airline A,ATL,CDG,8,Storm,222
1259,Airline B,ORD,SIN,11,Storm,280
1260,Airline C,JFK,DXB,0,Snow,290
1261,Airline B,JFK,SIN,1,Fog,234
1262,Airline A,JFK,HKG,17,Fog,64
1263,Airline B,JFK,CDG,13,Storm,206
1264,Airline D,ATL,CDG,22,Snow,294
1265,Airline D,DFW,LHR,5,Rain,215
1266,Airline B,ORD,SIN,10,Clear,110
1267,Airline B,DFW,CDG,18,Rain,273
1268,Airline D,DFW,HKG,7,Clear,280
1269,Airline B,ATL,LHR,20,Storm,136
1270,Airline D,JFK,CDG,4,Snow,168
1271,Airline B,JFK,HKG,20,Snow,277
1272,Airline C,ATL,SIN,23,Fog,229
1273,Airline C,ATL,HKG,6,Fog,193
1274,Airline A,LAX,HKG,22,Rain,172
1275,Airline D,JFK,HKG,3,Fog,275
1276,Airline C,ORD,DXB,14,Clear,214
1277,Airline D,LAX,CDG,21,Snow,139
1278,Airline C,DFW,HKG,0,Snow,201
1279,Airline A,JFK,LHR,21,Storm,63
1280,Airline D,ATL,DXB,4,Storm,159
1281,Airline C,ATL,HKG,16,Rain,61
1282,Airline D,ATL,HKG,12,Storm,132
1283,Airline A,JFK,CDG,16,Clear,119
1284,Airline A,ORD,DXB,18,Fog,299
1285,Airline C,ATL,HKG,3,Fog,156
1286,Airline B,JFK,HKG,16,Rain,288
1287,Airline A,DFW,SIN,11,Fog,12
1288,Airline B,LAX,LHR,22,Snow,227
1289,Airline A,JFK,LHR,17,Fog,273
1290,Airline C,JFK,CDG,10,Storm,230
1291,Airline B,ATL,DXB,3,Snow,65
1292,Airline D,LAX,HKG,11,Storm,227
1293,Airline A,LAX,DXB,8,Storm,144
1294,Airline C,ATL,CDG,23,Rain,160
1295,Airline D,ORD,SIN,17,Rain,288
1296,Airline B,JFK,CDG,8,Snow,83
1297,Airline C,ATL,LHR,0,Fog,21
1298,Airline D,ORD,SIN,5,Clear,124
1299,Airline C,ATL,HKG,18,Fog,180
1300,Airline B,DFW,CDG,0,Snow,43
1301,Airline D,ORD,DXB,7,Clear,283
1302,Airline A,ORD,DXB,5,Storm,264
1303,Airline A,LAX,LHR,3,Storm,277
1304,Airline C,JFK,LHR,2,Clear,216
1305,Airline A,ATL,LHR,12,Storm,84
1306,Airline B,ATL,LHR,1,Fog,280
1307,Airline B,JFK,HKG,12,Rain,78
1308,Airline D,JFK,SIN,20,Fog,6
1309,Airline D,LAX,LHR,14,Storm,223
1310,Airline D,JFK,CDG,7,Rain,194
1311,Airline C,DFW,HKG,11,Fog,288
1312,Airline C,LAX,SIN,7,Storm,80
1313,Airline B,ORD,HKG,18,Fog,121
1314,Airline B,JFK,DXB,8,Storm,57
1315,Airline C,ORD,HKG,9,Snow,299
1316,Airline D,LAX,HKG,20,Clear,120
1317,Airline C,DFW,DXB,22,Storm,47
1318,Airline D,DFW,DXB,6,Fog,124
1319,Airline B,JFK,DXB,9,Storm,152
1320,Airline D,DFW,HKG,2,Storm,12
1321,Airline C,ATL,DXB,1,Fog,267
1322,Airline A,LAX,LHR,6,Fog,223
1323,Airline B,DFW,CDG,9,Rain,226
1324,Airline B,LAX,CDG,7,Storm,190
1325,Airline C,LAX,DXB,11,Snow,249
1326,Airline C,ATL,SIN,19,Clear,189
1327,Airline B,JFK,HKG,16,Storm,27
1328,Airline C,LAX,CDG,21,Fog,222
1329,Airline D,ATL,LHR,8,Rain,202
1330,Airline D,DFW,SIN,19,Storm,41
1331,Airline D,ORD,SIN,2,Snow,188
1332,Airline A,JFK,LHR,21,Fog,79
1333,Airline C,ORD,HKG,21,Snow,37
1334,Airline D,ATL,HKG,3,Snow,108
1335,Airline B,LAX,DXB,6,Clear,113
1336,Airline D,ATL,LHR,17,Clear,132
1337,Airline D,JFK,LHR,16,Storm,175
1338,Airline C,JFK,LHR,21,Clear,162
1339,Airline B,DFW,DXB,2,Storm,234
1340,Airline A,ATL,CDG,2,Storm,269
1341,Airline B,JFK,HKG,12,Fog,53
1342,Airline D,ATL,DXB,16,Fog,153
1343,Airline A,DFW,DXB,17,Rain,237
1344,Airline A,DFW,DXB,18,Clear,41
1345,Airline A,ATL,LHR,16,Rain,215
1346,Airline A,JFK,DXB,23,Snow,94
1347,Airline A,LAX,CDG,15,Storm,145
1348,Airline C,LAX,SIN,15,Storm,102
1349,Airline D,DFW,DXB,21,Fog,124
1350,Airline A,JFK,CDG,0,Snow,148
1351,Airline D,DFW,LHR,13,Storm,161
1352,Airline C,DFW,SIN,14,Storm,216
1353,Airline C,DFW,HKG,3,Snow,39
1354,Airline C,DFW,HKG,19,Snow,118
1355,Airline B,ATL,LHR,20,Storm,110
1356,Airline B,ATL,LHR,10,Snow,285
1357,Airline A,JFK,HKG,17,Clear,197
1358,Airline C,JFK,LHR,16,Snow,116
1359,Airline B,ORD,HKG,8,Rain,24
1360,Airline C,LAX,LHR,20,Rain,284
1361,Airline B,ATL,HKG,23,Storm,66
1362,Airline C,JFK,CDG,13,Storm,184
1363,Airline B,DFW,LHR,2,Fog,215
1364,Airline D,ATL,HKG,19,Snow,104
1365,Airline A,LAX,LHR,19,Rain,144
1366,Airline A,ATL,HKG,21,Fog,108
1367,Airline D,LAX,HKG,3,Storm,49
1368,Airline A,ORD,SIN,15,Clear,211
1369,Airline C,JFK,LHR,20,Snow,89
1370,Airline A,LAX,CDG,11,Fog,268
1371,Airline A,ORD,DXB,20,Clear,190
1372,Airline B,ATL,DXB,7,Storm,294
1373,Airline B,JFK,LHR,8,Rain,16
1374,Airline D,LAX,HKG,10,Fog,231
1375,Airline B,LAX,HKG,23,Fog,79
1376,Airline D,JFK,CDG,4,Storm,58
1377,Airline A,ATL,LHR,11,Storm,29
1378,Airline B,ATL,DXB,21,Rain,130
1379,Airline B,DFW,CDG,19,Rain,122
1380,Airline A,ATL,LHR,1,Rain,50
1381,Airline B,JFK,LHR,10,Clear,79
1382,Airline C,ORD,LHR,10,Clear,250
1383,Airline B,JFK,SIN,20,Storm,191
1384,Airline C,LAX,CDG,0,Fog,73
1385,Airline D,DFW,LHR,16,Clear,110
1386,Airline B,DFW,CDG,16,Storm,198
1387,Airline B,ORD,DXB,3,Clear,176
1388,Airline C,LAX,LHR,13,Rain,19
1389,Airline A,ATL,HKG,4,Storm,204
1390,Airline D,ATL,LHR,3,Rain,28
1391,Airline D,ATL,LHR,5,Snow,9
1392,Airline C,JFK,CDG,17,Fog,8
1393,Airline A,ATL,CDG,20,Rain,62
1394,Airline B,LAX,SIN,12,Fog,32
1395,Airline A,DFW,LHR,5,Storm,151
1396,Airline A,JFK,DXB,14,Snow,79
1397,Airline C,ATL,CDG,4,Fog,31
1398,Airline A,LAX,SIN,5,Clear,3
1399,Airline A,ORD,HKG,23,Storm,189
1400,Airline C,LAX,HKG,17,Snow,125
1401,Airline A,DFW,SIN,6,Clear,21
1402,Airline A,LAX,HKG,5,Clear,150
1403,Airline D,LAX,LHR,7,Snow,217
1404,Airline C,JFK,CDG,23,Rain,281
1405,Airline C,DFW,DXB,4,Snow,171
1406,Airline C,ATL,HKG,3,Snow,238
1407,Airline A,DFW,LHR,18,Snow,149
1408,Airline D,ORD,CDG,9,Fog,107
1409,Airline D,DFW,LHR,8,Rain,194
1410,Airline B,JFK,LHR,22,Storm,51
1411,Airline C,ATL,CDG,0,Clear,141
1412,Airline D,DFW,HKG,18,Fog,63
1413,Airline D,ATL,HKG,11,Rain,172
1414,Airline D,JFK,LHR,18,Snow,191
1415,Airline C,LAX,SIN,12,Fog,157
1416,Airline A,ORD,HKG,21,Fog,153
1417,Airline B,DFW,LHR,14,Clear,231
1418,Airline B,ATL,DXB,1,Storm,159
1419,Airline A,DFW,DXB,19,Rain,50
1420,Airline C,JFK,SIN,11,Rain,214
1421,Airline D,LAX,LHR,17,Rain,289
1422,Airline A,JFK,DXB,20,Snow,107
1423,Airline B,ATL,HKG,3,Snow,203
1424,Airline C,DFW,LHR,19,Fog,214
1425,Airline D,ATL,SIN,11,Storm,27
1426,Airline B,JFK,SIN,19,Clear,274
1427,Airline B,DFW,HKG,12,Clear,175
1428,Airline B,ATL,DXB,3,Storm,71
1429,Airline D,DFW,DXB,13,Rain,70
1430,Airline B,ORD,SIN,20,Storm,282
1431,Airline C,JFK,CDG,17,Clear,50
1432,Airline C,JFK,SIN,5,Snow,83
1433,Airline D,ORD,SIN,0,Storm,53
1434,Airline C,LAX,LHR,9,Fog,122
1435,Airline A,ATL,HKG,17,Snow,226
1436,Airline C,LAX,LHR,18,Fog,16
1437,Airline B,DFW,SIN,1,Fog,219
1438,Airline B,ATL,LHR,14,Storm,71
1439,Airline C,ATL,DXB,2,Fog,113
1440,Airline C,ATL,SIN,7,Rain,128
1441,Airline D,ORD,DXB,18,Storm,104
1442,Airline D,JFK,DXB,10,Clear,269
1443,Airline A,ORD,HKG,13,Rain,63
1444,Airline C,ORD,DXB,15,Snow,151
1445,Airline A,ORD,LHR,9,Storm,226
1446,Airline C,LAX,LHR,16,Clear,199
1447,Airline A,ORD,CDG,14,Clear,68
1448,Airline C,JFK,HKG,10,Storm,31
1449,Airline C,ATL,CDG,7,Rain,0
1450,Airline C,LAX,DXB,7,Clear,193
1451,Airline A,ORD,SIN,6,Storm,233
1452,Airline B,ORD,LHR,19,Storm,203
1453,Airline D,ATL,SIN,11,Fog,73
1454,Airline D,ATL,CDG,20,Storm,151
1455,Airline A,LAX,CDG,15,Clear,146
1456,Airline C,JFK,LHR,15,Fog,50
1457,Airline B,LAX,CDG,9,Clear,257
1458,Airline A,ATL,SIN,21,Rain,9
1459,Airline A,JFK,CDG,21,Rain,102
1460,Airline D,ORD,SIN,6,Clear,133
1461,Airline D,ORD,DXB,3,Snow,189
1462,Airline B,DFW,HKG,23,Snow,65
1463,Airline C,ATL,LHR,1,Snow,263
1464,Airline B,DFW,CDG,8,Clear,186
1465,Airline D,LAX,LHR,14,Storm,291
1466,Airline C,LAX,CDG,21,Fog,135
1467,Airline B,JFK,DXB,13,Storm,94
1468,Airline A,ATL,SIN,11,Clear,186
1469,Airline A,JFK,LHR,16,Storm,231
1470,Airline A,JFK,DXB,16,Rain,205
1471,Airline C,LAX,DXB,12,Fog,298
1472,Airline C,LAX,HKG,7,Clear,232
1473,Airline D,ATL,DXB,9,Fog,62
1474,Airline B,LAX,HKG,12,Snow,267
1475,Airline C,ATL,DXB,6,Snow,55
1476,Airline C,DFW,SIN,2,Rain,48
1477,Airline B,ORD,DXB,23,Clear,26
1478,Airline D,DFW,SIN,14,Snow,81
1479,Airline C,LAX,CDG,23,Fog,229
1480,Airline B,ORD,DXB,6,Fog,35
1481,Airline C,ORD,DXB,4,Rain,219
1482,Airline C,JFK,CDG,7,Snow,233
1483,Airline D,ORD,HKG,20,Storm,156
1484,Airline A,ATL,SIN,16,Snow,78
1485,Airline C,LAX,CDG,7,Rain,296
1486,Airline D,LAX,CDG,6,Snow,235
1487,Airline B,JFK,LHR,6,Clear,27
1488,Airline B,JFK,CDG,1,Rain,191
1489,Airline A,LAX,HKG,10,Storm,151
1490,Airline B,JFK,HKG,11,Fog,100
1491,Airline A,ORD,HKG,11,Snow,277
1492,Airline C,ORD,SIN,18,Fog,46
1493,Airline A,ATL,SIN,2,Rain,16
1494,Airline C,JFK,DXB,11,Fog,11
1495,Airline B,LAX,CDG,5,Clear,275
1496,Airline A,DFW,HKG,5,Rain,260
1497,Airline D,LAX,CDG,18,Rain,253
1498,Airline B,DFW,DXB,20,Snow,14
1499,Airline B,DFW,DXB,8,Rain,24
1500,Airline B,ATL,HKG,22,Clear,162
1501,Airline B,DFW,CDG,8,Snow,107
1502,Airline B,ORD,DXB,17,Clear,62
1503,Airline D,ORD,LHR,9,Storm,242
1504,Airline D,ATL,SIN,9,Snow,115
1505,Airline D,LAX,CDG,0,Rain,21
1506,Airline A,LAX,HKG,17,Rain,105
1507,Airline B,LAX,DXB,21,Rain,129
1508,Airline A,LAX,DXB,9,Storm,125
1509,Airline A,ORD,DXB,6,Clear,227
1510,Airline A,ORD,SIN,7,Rain,260
1511,Airline B,ATL,CDG,10,Fog,27
1512,Airline B,ATL,DXB,21,Rain,14
1513,Airline A,ATL,SIN,5,Snow,182
1514,Airline B,LAX,LHR,18,Snow,293
1515,Airline A,LAX,CDG,8,Fog,209
1516,Airline B,ORD,HKG,10,Storm,13
1517,Airline B,ORD,CDG,1,Snow,31
1518,Airline A,JFK,DXB,10,Storm,43
1519,Airline D,JFK,HKG,4,Storm,115
1520,Airline B,LAX,CDG,18,Fog,122
1521,Airline A,ORD,HKG,16,Snow,101
1522,Airline A,LAX,CDG,17,Rain,3
1523,Airline B,DFW,LHR,21,Storm,189
1524,Airline B,JFK,LHR,13,Storm,202
1525,Airline A,ATL,LHR,9,Snow,237
1526,Airline A,LAX,CDG,16,Snow,58
1527,Airline A,DFW,HKG,10,Fog,144
1528,Airline C,ATL,LHR,1,Clear,3
1529,Airline B,DFW,SIN,9,Clear,259
1530,Airline C,ORD,SIN,20,Clear,240
1531,Airline A,ORD,LHR,0,Storm,228
1532,Airline C,ORD,LHR,13,Fog,139
1533,Airline D,ATL,DXB,10,Clear,53
1534,Airline A,ATL,SIN,10,Snow,62
1535,Airline D,ORD,SIN,9,Storm,142
1536,Airline C,ATL,LHR,19,Storm,55
1537,Airline D,ORD,DXB,20,Snow,72
1538,Airline C,LAX,HKG,4,Fog,96
1539,Airline B,ORD,DXB,4,Fog,79
1540,Airline B,JFK,DXB,13,Clear,286
1541,Airline C,LAX,SIN,4,Snow,270
1542,Airline A,ORD,LHR,5,Rain,129
1543,Airline B,JFK,LHR,23,Fog,12
1544,Airline C,ORD,LHR,15,Clear,247
1545,Airline A,LAX,DXB,22,Storm,4
1546,Airline B,ORD,DXB,14,Fog,31
1547,Airline C,ATL,CDG,5,Rain,180
1548,Airline A,ORD,HKG,19,Storm,105
1549,Airline A,LAX,CDG,15,Storm,236
1550,Airline C,DFW,HKG,18,Snow,20
1551,Airline D,ORD,CDG,19,Snow,224
1552,Airline D,ATL,CDG,12,Fog,202
1553,Airline D,LAX,CDG,18,Rain,40
1554,Airline D,JFK,CDG,12,Snow,160
1555,Airline A,DFW,DXB,7,Clear,231
1556,Airline D,ORD,HKG,5,Storm,135
1557,Airline C,LAX,CDG,21,Clear,291
1558,Airline A,ATL,CDG,16,Storm,32
1559,Airline D,ATL,LHR,4,Clear,28
1560,Airline C,LAX,DXB,7,Storm,56
1561,Airline B,ATL,SIN,17,Snow,179
1562,Airline A,DFW,LHR,18,Clear,125
1563,Airline C,JFK,SIN,11,Fog,123
1564,Airline D,ATL,CDG,11,Fog,252
1565,Airline C,ATL,HKG,12,Rain,257
1566,Airline A,JFK,SIN,3,Rain,89
1567,Airline B,DFW,SIN,9,Rain,17
1568,Airline D,DFW,SIN,15,Clear,218
1569,Airline C,DFW,HKG,4,Storm,177
1570,Airline B,ATL,LHR,11,Rain,208
1571,Airline A,ATL,DXB,15,Snow,14
1572,Airline D,DFW,HKG,22,Fog,234
1573,Airline B,ATL,LHR,14,Fog,134
1574,Airline A,ORD,CDG,20,Snow,208
1575,Airline D,ATL,LHR,1,Fog,210
1576,Airline C,DFW,SIN,22,Clear,154
1577,Airline B,LAX,LHR,15,Snow,39
1578,Airline A,DFW,LHR,10,Clear,272
1579,Airline C,LAX,CDG,21,Fog,159
1580,Airline D,ATL,CDG,8,Snow,143
1581,Airline B,ATL,LHR,1,Snow,190
1582,Airline A,LAX,HKG,17,Snow,221
1583,Airline B,DFW,CDG,12,Fog,241
1584,Airline C,JFK,SIN,12,Fog,85
1585,Airline C,JFK,HKG,7,Fog,179
1586,Airline A,DFW,LHR,9,Rain,79
1587,Airline B,ATL,SIN,16,Rain,48
1588,Airline B,LAX,SIN,23,Storm,153
1589,Airline C,LAX,HKG,20,Snow,178
1590,Airline B,DFW,LHR,0,Fog,298
1591,Airline B,DFW,SIN,15,Snow,242
1592,Airline B,ORD,CDG,10,Clear,8
1593,Airline A,LAX,CDG,0,Clear,191
1594,Airline C,ORD,HKG,5,Fog,89
1595,Airline D,ATL,CDG,11,Rain,1
1596,Airline A,LAX,DXB,15,Storm,2
1597,Airline C,DFW,LHR,10,Rain,194
1598,Airline A,DFW,SIN,17,Snow,264
1599,Airline D,ATL,SIN,1,Rain,267
1600,Airline A,JFK,HKG,16,Fog,242
1601,Airline A,ORD,HKG,16,Rain,164
1602,Airline D,DFW,SIN,19,Clear,212
1603,Airline B,LAX,CDG,20,Fog,194
1604,Airline C,LAX,HKG,3,Fog,55
1605,Airline D,LAX,DXB,5,Fog,104
1606,Airline A,ATL,HKG,23,Rain,212
1607,Airline B,JFK,CDG,14,Clear,153
1608,Airline A,ORD,LHR,10,Rain,215
1609,Airline B,LAX,DXB,17,Snow,45
1610,Airline A,LAX,HKG,16,Storm,180
1611,Airline C,DFW,LHR,1,Storm,59
1612,Airline C,JFK,LHR,12,Storm,243
1613,Airline A,DFW,SIN,5,Snow,225
1614,Airline D,ATL,CDG,10,Snow,31
1615,Airline A,ATL,SIN,19,Snow,174
1616,Airline A,ORD,CDG,6,Clear,93
1617,Airline D,ATL,LHR,17,Fog,129
1618,Airline D,ORD,HKG,16,Snow,150
1619,Airline A,DFW,CDG,12,Storm,296
1620,Airline B,LAX,CDG,20,Storm,251
1621,Airline C,LAX,LHR,13,Rain,138
1622,Airline B,JFK,DXB,8,Fog,270
1623,Airline D,ATL,LHR,12,Snow,111
1624,Airline C,JFK,LHR,5,Fog,157
1625,Airline A,JFK,CDG,21,Snow,56
1626,Airline C,LAX,LHR,0,Storm,189
1627,Airline A,ATL,SIN,0,Fog,32
1628,Airline A,LAX,LHR,3,Fog,0
1629,Airline D,JFK,HKG,13,Snow,130
1630,Airline B,ATL,LHR,17,Snow,8
1631,Airline D,LAX,LHR,15,Fog,31
1632,Airline D,ORD,HKG,2,Snow,76
1633,Airline C,ORD,DXB,5,Fog,94
1634,Airline B,DFW,DXB,0,Rain,184
1635,Airline B,DFW,DXB,10,Fog,276
1636,Airline B,ATL,SIN,9,Clear,22
1637,Airline B,DFW,HKG,17,Fog,116
1638,Airline C,ATL,SIN,3,Rain,29
1639,Airline C,JFK,SIN,5,Rain,73
1640,Airline D,ORD,SIN,18,Storm,294
1641,Airline D,ATL,HKG,8,Storm,229
1642,Airline B,JFK,CDG,9,Clear,262
1643,Airline D,ORD,CDG,19,Snow,38
1644,Airline C,LAX,DXB,22,Snow,103
1645,Airline D,JFK,SIN,4,Rain,193
1646,Airline A,LAX,DXB,21,Rain,142
1647,Airline D,DFW,SIN,15,Storm,201
1648,Airline C,ATL,DXB,21,Rain,206
1649,Airline B,ORD,LHR,1,Fog,33
1650,Airline A,DFW,HKG,8,Fog,290
1651,Airline A,JFK,SIN,10,Clear,260
1652,Airline A,DFW,SIN,1,Fog,82
1653,Airline D,LAX,SIN,17,Clear,262
1654,Airline D,LAX,HKG,1,Storm,237
1655,Airline A,ATL,LHR,13,Fog,171
1656,Airline A,DFW,CDG,22,Clear,185
1657,Airline B,ORD,HKG,3,Snow,41
1658,Airline B,LAX,LHR,7,Clear,227
1659,Airline A,JFK,DXB,7,Fog,273
1660,Airline B,DFW,SIN,0,Clear,261
1661,Airline C,ORD,SIN,0,Storm,131
1662,Airline D,ORD,CDG,3,Rain,96
1663,Airline B,ORD,DXB,17,Snow,52
1664,Airline C,ORD,LHR,18,Storm,276
1665,Airline D,LAX,DXB,9,Snow,193
1666,Airline B,ATL,DXB,17,Snow,172
1667,Airline D,DFW,CDG,9,Clear,192
1668,Airline C,LAX,LHR,8,Rain,144
1669,Airline C,ATL,CDG,21,Clear,144
1670,Airline D,ORD,LHR,6,Clear,275
1671,Airline A,JFK,HKG,5,Fog,259
1672,Airline B,ORD,HKG,0,Clear,14
1673,Airline A,ATL,SIN,4,Rain,282
1674,Airline C,ATL,CDG,18,Storm,215
1675,Airline D,JFK,HKG,14,Clear,275
1676,Airline B,LAX,DXB,23,Rain,107
1677,Airline B,JFK,DXB,13,Clear,255
1678,Airline A,ORD,HKG,6,Snow,78
1679,Airline B,DFW,CDG,8,Clear,17
1680,Airline B,LAX,SIN,11,Fog,212
1681,Airline B,DFW,DXB,16,Snow,208
1682,Airline C,DFW,SIN,17,Rain,10
1683,Airline A,LAX,DXB,1,Clear,145
1684,Airline C,ORD,LHR,16,Snow,34
1685,Airline D,ATL,HKG,23,Snow,54
1686,Airline D,ORD,CDG,19,Storm,27
1687,Airline A,ATL,DXB,6,Snow,163
1688,Airline D,ATL,HKG,9,Rain,108
1689,Airline C,LAX,SIN,14,Clear,23
1690,Airline C,LAX,CDG,0,Snow,160
1691,Airline C,JFK,CDG,23,Rain,164
1692,Airline C,DFW,HKG,10,Storm,271
1693,Airline A,DFW,HKG,7,Clear,111
1694,Airline B,DFW,HKG,11,Fog,72
1695,Airline D,DFW,LHR,2,Snow,49
1696,Airline A,JFK,LHR,14,Snow,110
1697,Airline B,ATL,CDG,20,Storm,12
1698,Airline A,JFK,HKG,4,Rain,70
1699,Airline D,LAX,LHR,4,Storm,200
1700,Airline A,ORD,CDG,16,Rain,290
1701,Airline D,ATL,DXB,1,Clear,23
1702,Airline A,ATL,HKG,0,Snow,213
1703,Airline A,JFK,LHR,17,Fog,294
1704,Airline C,LAX,CDG,8,Storm,146
1705,Airline A,LAX,HKG,4,Fog,173
1706,Airline A,ATL,CDG,19,Fog,4
1707,Airline B,JFK,DXB,12,Snow,6
1708,Airline C,DFW,CDG,1,Snow,210
1709,Airline D,ATL,CDG,21,Fog,270
1710,Airline C,DFW,DXB,12,Clear,275
1711,Airline A,ORD,SIN,7,Fog,239
1712,Airline D,LAX,HKG,9,Rain,3
1713,Airline A,ATL,DXB,19,Rain,201
1714,Airline C,ORD,DXB,5,Rain,105
1715,Airline C,DFW,HKG,10,Rain,39
1716,Airline A,ATL,CDG,13,Storm,64
1717,Airline A,ORD,LHR,9,Clear,34
1718,Airline A,ATL,HKG,9,Storm,43
1719,Airline B,ORD,DXB,10,Storm,262
1720,Airline C,ORD,CDG,3,Rain,149
1721,Airline B,DFW,SIN,23,Clear,278
1722,Airline C,LAX,CDG,2,Clear,64
1723,Airline C,JFK,LHR,8,Fog,275
1724,Airline D,ORD,CDG,4,Storm,31
1725,Airline D,LAX,LHR,0,Clear,163
1726,Airline C,JFK,SIN,10,Snow,160
1727,Airline D,DFW,SIN,7,Storm,81
1728,Airline C,ATL,CDG,20,Clear,264
1729,Airline C,LAX,HKG,4,Snow,41
1730,Airline A,ATL,HKG,1,Snow,198
1731,Airline D,ATL,HKG,8,Snow,206
1732,Airline B,JFK,SIN,5,Rain,109
1733,Airline B,LAX,LHR,10,Fog,131
1734,Airline D,ORD,DXB,9,Fog,230
1735,Airline C,JFK,CDG,11,Clear,71
1736,Airline B,LAX,LHR,2,Clear,123
1737,Airline D,ORD,DXB,6,Fog,196
1738,Airline B,ATL,SIN,17,Snow,278
1739,Airline A,DFW,DXB,22,Clear,106
1740,Airline C,DFW,SIN,11,Rain,142
1741,Airline A,JFK,SIN,10,Rain,50
1742,Airline B,ORD,LHR,1,Fog,122
1743,Airline C,ORD,HKG,20,Clear,49
1744,Airline C,DFW,HKG,9,Clear,280
1745,Airline C,ORD,LHR,12,Snow,38
1746,Airline D,LAX,CDG,12,Clear,268
1747,Airline D,LAX,SIN,14,Fog,165
1748,Airline C,DFW,CDG,12,Clear,35
1749,Airline C,ATL,SIN,8,Clear,108
1750,Airline C,ATL,SIN,5,Rain,242
1751,Airline A,ATL,HKG,2,Fog,123
1752,Airline A,DFW,HKG,19,Storm,222
1753,Airline B,JFK,SIN,19,Fog,18
1754,Airline C,ORD,HKG,8,Fog,36
1755,Airline C,LAX,HKG,3,Storm,216
1756,Airline A,LAX,DXB,19,Storm,100
1757,Airline B,JFK,DXB,4,Rain,192
1758,Airline B,ORD,SIN,21,Snow,84
1759,Airline C,ATL,HKG,23,Fog,232
1760,Airline D,LAX,DXB,11,Fog,38
1761,Airline B,ATL,CDG,16,Fog,41
1762,Airline B,ATL,SIN,4,Fog,189
1763,Airline C,DFW,SIN,3,Rain,106
1764,Airline C,DFW,CDG,7,Fog,156
1765,Airline C,ORD,SIN,8,Storm,224
1766,Airline A,LAX,HKG,16,Storm,17
1767,Airline C,DFW,DXB,23,Clear,59
1768,Airline D,ORD,LHR,7,Rain,141
1769,Airline D,JFK,DXB,4,Clear,117
1770,Airline B,ATL,CDG,9,Fog,167
1771,Airline A,LAX,LHR,17,Rain,191
1772,Airline B,LAX,HKG,22,Rain,285
1773,Airline A,ORD,HKG,13,Snow,28
1774,Airline C,DFW,DXB,4,Snow,156
1775,Airline B,ATL,SIN,14,Clear,18
1776,Airline D,ATL,SIN,4,Clear,89
1777,Airline A,LAX,CDG,21,Storm,109
1778,Airline B,LAX,SIN,11,Storm,57
1779,Airline D,ATL,HKG,9,Storm,115
1780,Airline D,JFK,LHR,7,Rain,39
1781,Airline C,ORD,DXB,0,Fog,264
1782,Airline A,JFK,DXB,2,Clear,120
1783,Airline B,DFW,DXB,15,Storm,109
1784,Airline D,JFK,SIN,22,Rain,204
1785,Airline A,JFK,LHR,10,Snow,158
1786,Airline C,DFW,SIN,8,Fog,94
1787,Airline A,ORD,SIN,9,Snow,33
1788,Airline A,ATL,HKG,1,Snow,241
1789,Airline B,JFK,HKG,19,Fog,148
1790,Airline A,ORD,SIN,10,Rain,102
1791,Airline C,DFW,CDG,19,Snow,216
1792,Airline D,ORD,CDG,10,Rain,164
1793,Airline B,JFK,CDG,6,Snow,167
1794,Airline D,ATL,SIN,20,Storm,19
1795,Airline A,DFW,LHR,10,Fog,108
1796,Airline C,DFW,CDG,4,Clear,198
1797,Airline D,JFK,HKG,22,Fog,232
1798,Airline C,ORD,DXB,11,Snow,171
1799,Airline A,ATL,DXB,17,Snow,183
1800,Airline A,DFW,SIN,23,Storm,217
1801,Airline D,JFK,DXB,21,Storm,16
1802,Airline B,JFK,SIN,4,Fog,41
1803,Airline C,LAX,DXB,14,Clear,155
1804,Airline C,LAX,LHR,11,Fog,20
1805,Airline C,ORD,LHR,0,Clear,150
1806,Airline A,JFK,LHR,17,Rain,110
1807,Airline A,ORD,LHR,5,Snow,127
1808,Airline D,ORD,CDG,5,Rain,51
1809,Airline D,ATL,HKG,10,Fog,272
1810,Airline A,LAX,LHR,10,Clear,293
1811,Airline B,ORD,CDG,15,Clear,74
1812,Airline C,ATL,SIN,5,Rain,299
1813,Airline C,ATL,DXB,0,Storm,87
1814,Airline A,LAX,DXB,22,Storm,19
1815,Airline B,LAX,CDG,15,Rain,68
1816,Airline B,JFK,DXB,2,Storm,169
1817,Airline B,ORD,LHR,23,Clear,153
1818,Airline B,ATL,DXB,5,Fog,105
1819,Airline B,JFK,LHR,2,Storm,218
1820,Airline D,ORD,LHR,18,Clear,273
1821,Airline A,ORD,DXB,7,Fog,94
1822,Airline A,JFK,CDG,21,Clear,264
1823,Airline A,ATL,SIN,1,Snow,245
1824,Airline C,JFK,CDG,18,Fog,107
1825,Airline B,ORD,HKG,14,Snow,292
1826,Airline B,JFK,HKG,21,Storm,236
1827,Airline C,JFK,LHR,13,Storm,28
1828,Airline B,ORD,LHR,13,Clear,62
1829,Airline B,LAX,CDG,22,Rain,14
1830,Airline B,ATL,CDG,3,Clear,237
1831,Airline B,ORD,LHR,23,Snow,8
1832,Airline B,LAX,SIN,18,Fog,0
1833,Airline D,JFK,SIN,21,Rain,120
1834,Airline A,LAX,HKG,6,Clear,8
1835,Airline D,ORD,SIN,15,Snow,183
1836,Airline B,ORD,DXB,7,Snow,147
1837,Airline A,JFK,LHR,14,Storm,237
1838,Airline A,ORD,CDG,19,Clear,257
1839,Airline A,DFW,LHR,4,Clear,256
1840,Airline A,LAX,DXB,21,Snow,18
1841,Airline C,DFW,SIN,0,Clear,17
1842,Airline A,DFW,LHR,11,Storm,279
1843,Airline C,LAX,DXB,8,Rain,126
1844,Airline C,ORD,SIN,18,Snow,213
1845,Airline A,LAX,HKG,17,Storm,275
1846,Airline B,JFK,HKG,6,Storm,206
1847,Airline B,DFW,HKG,10,Fog,187
1848,Airline A,DFW,DXB,10,Rain,15
1849,Airline A,ORD,DXB,19,Storm,140
1850,Airline C,LAX,CDG,19,Fog,5
1851,Airline D,ATL,CDG,14,Fog,280
1852,Airline C,ORD,HKG,22,Clear,174
1853,Airline B,ORD,LHR,16,Storm,14
1854,Airline D,ORD,SIN,2,Snow,127
1855,Airline D,LAX,CDG,10,Clear,13
1856,Airline D,ORD,SIN,12,Rain,248
1857,Airline C,JFK,LHR,5,Snow,33
1858,Airline C,JFK,HKG,13,Snow,19
1859,Airline A,DFW,SIN,10,Fog,249
1860,Airline C,DFW,HKG,12,Storm,271
1861,Airline C,LAX,SIN,16,Fog,194
1862,Airline D,ATL,LHR,13,Fog,237
1863,Airline D,DFW,CDG,20,Storm,102
1864,Airline C,DFW,DXB,13,Storm,242
1865,Airline B,DFW,HKG,3,Storm,214
1866,Airline D,DFW,CDG,3,Fog,242
1867,Airline A,ORD,SIN,13,Storm,76
1868,Airline B,DFW,CDG,13,Storm,120
1869,Airline D,LAX,DXB,6,Snow,39
1870,Airline A,ORD,HKG,15,Fog,28
1871,Airline D,ORD,HKG,13,Storm,231
1872,Airline A,LAX,CDG,4,Fog,144
1873,Airline D,ATL,LHR,6,Rain,248
1874,Airline D,DFW,SIN,16,Clear,92
1875,Airline C,JFK,CDG,14,Snow,84
1876,Airline B,ATL,LHR,23,Snow,245
1877,Airline B,DFW,HKG,6,Fog,74
1878,Airline C,JFK,SIN,9,Storm,150
1879,Airline D,ORD,HKG,17,Fog,134
1880,Airline B,ORD,DXB,10,Clear,189
1881,Airline A,ORD,LHR,21,Snow,33
1882,Airline A,DFW,DXB,13,Snow,104
1883,Airline D,LAX,DXB,3,Clear,50
1884,Airline D,ORD,DXB,2,Fog,171
1885,Airline A,ORD,LHR,23,Snow,69
1886,Airline D,ORD,SIN,13,Storm,207
1887,Airline C,DFW,HKG,19,Fog,95
1888,Airline B,JFK,SIN,2,Storm,57
1889,Airline A,ATL,SIN,20,Rain,119
1890,Airline C,ORD,SIN,2,Clear,170
1891,Airline A,ATL,HKG,19,Snow,110
1892,Airline A,LAX,HKG,11,Clear,60
1893,Airline D,LAX,LHR,9,Clear,255
1894,Airline B,LAX,CDG,19,Storm,155
1895,Airline C,ORD,HKG,17,Snow,184
1896,Airline A,ATL,HKG,11,Rain,40
1897,Airline A,JFK,CDG,23,Clear,200
1898,Airline D,DFW,HKG,3,Storm,49
1899,Airline C,ATL,SIN,18,Storm,89
1900,Airline D,DFW,HKG,18,Snow,236
1901,Airline D,ATL,LHR,16,Fog,281
1902,Airline C,ORD,HKG,7,Fog,153
1903,Airline B,JFK,CDG,10,Rain,179
1904,Airline D,ORD,SIN,4,Storm,87
1905,Airline A,LAX,CDG,4,Fog,104
1906,Airline B,JFK,HKG,12,Clear,72
1907,Airline A,ATL,HKG,3,Rain,256
1908,Airline B,ORD,LHR,12,Clear,133
1909,Airline A,DFW,SIN,15,Fog,284
1910,Airline D,ORD,HKG,11,Storm,235
1911,Airline D,ORD,LHR,13,Fog,108
1912,Airline D,ATL,LHR,20,Rain,136
1913,Airline C,ATL,CDG,20,Rain,234
1914,Airline D,LAX,SIN,8,Clear,58
1915,Airline B,JFK,DXB,5,Clear,293
1916,Airline D,ORD,LHR,7,Rain,41
1917,Airline C,DFW,DXB,15,Clear,247
1918,Airline A,ATL,CDG,18,Snow,49
1919,Airline C,ATL,LHR,1,Rain,269
1920,Airline B,LAX,SIN,5,Clear,172
1921,Airline B,JFK,DXB,1,Fog,288
1922,Airline C,LAX,SIN,18,Storm,161
1923,Airline A,ATL,DXB,18,Snow,66
1924,Airline D,DFW,CDG,12,Snow,220
1925,Airline B,LAX,LHR,16,Storm,166
1926,Airline D,ORD,LHR,20,Storm,170
1927,Airline A,ATL,CDG,7,Fog,222
1928,Airline B,ATL,HKG,8,Storm,166
1929,Airline A,LAX,DXB,22,Snow,84
1930,Airline A,DFW,DXB,4,Fog,114
1931,Airline C,LAX,HKG,7,Storm,299
1932,Airline A,DFW,CDG,8,Fog,49
1933,Airline B,ATL,SIN,15,Fog,217
1934,Airline C,LAX,SIN,15,Clear,258
1935,Airline B,JFK,CDG,11,Storm,135
1936,Airline C,LAX,SIN,10,Clear,95
1937,Airline C,LAX,CDG,17,Snow,168
1938,Airline A,JFK,DXB,12,Fog,224
1939,Airline A,JFK,DXB,2,Snow,283
1940,Airline D,ORD,HKG,17,Fog,186
1941,Airline B,JFK,CDG,10,Storm,293
1942,Airline B,DFW,SIN,10,Rain,281
1943,Airline D,ORD,CDG,4,Storm,242
1944,Airline A,DFW,LHR,2,Fog,26
1945,Airline B,ORD,HKG,1,Rain,150
1946,Airline B,ORD,LHR,14,Rain,198
1947,Airline A,DFW,HKG,4,Storm,277
1948,Airline C,ATL,HKG,4,Snow,226
1949,Airline A,ATL,HKG,20,Storm,195
1950,Airline D,LAX,LHR,15,Fog,220
1951,Airline B,ATL,HKG,16,Snow,227
1952,Airline C,LAX,CDG,6,Fog,66
1953,Airline D,ATL,CDG,1,Snow,97
1954,Airline A,LAX,LHR,13,Clear,14
1955,Airline C,LAX,DXB,17,Snow,113
1956,Airline B,JFK,DXB,11,Clear,103
1957,Airline C,LAX,LHR,16,Fog,192
1958,Airline B,DFW,HKG,5,Storm,213
1959,Airline A,DFW,HKG,4,Fog,144
1960,Airline C,LAX,HKG,20,Storm,96
1961,Airline C,DFW,LHR,20,Clear,51
1962,Airline C,ATL,HKG,21,Storm,57
1963,Airline B,DFW,CDG,6,Fog,208
1964,Airline A,JFK,HKG,17,Fog,184
1965,Airline A,DFW,LHR,19,Fog,165
1966,Airline B,ATL,HKG,10,Snow,68
1967,Airline C,ATL,CDG,4,Fog,122
1968,Airline B,LAX,LHR,5,Snow,36
1969,Airline B,ORD,DXB,6,Rain,234
1970,Airline D,ATL,LHR,2,Clear,74
1971,Airline A,LAX,SIN,2,Rain,107
1972,Airline B,LAX,DXB,1,Rain,290
1973,Airline C,DFW,DXB,19,Snow,294
1974,Airline B,DFW,LHR,3,Snow,173
1975,Airline B,LAX,SIN,4,Clear,117
1976,Airline B,JFK,DXB,1,Clear,143
1977,Airline C,LAX,HKG,15,Clear,158
1978,Airline D,DFW,SIN,11,Fog,269
1979,Airline B,ATL,SIN,14,Fog,240
1980,Airline A,JFK,LHR,3,Clear,46
1981,Airline B,ORD,LHR,2,Snow,101
1982,Airline D,ATL,LHR,13,Rain,272
1983,Airline B,DFW,SIN,12,Clear,123
1984,Airline A,ATL,CDG,5,Clear,183
1985,Airline D,ATL,LHR,3,Rain,163
1986,Airline A,DFW,CDG,0,Storm,169
1987,Airline A,ATL,DXB,2,Clear,81
1988,Airline A,LAX,HKG,23,Clear,146
1989,Airline D,JFK,HKG,11,Fog,134
1990,Airline D,DFW,CDG,2,Rain,157
1991,Airline A,JFK,SIN,22,Clear,202
1992,Airline A,LAX,HKG,17,Clear,119
1993,Airline C,DFW,CDG,13,Storm,28
1994,Airline D,LAX,LHR,4,Rain,161
1995,Airline B,ORD,CDG,22,Clear,161
1996,Airline D,ORD,DXB,0,Storm,1
1997,Airline C,ORD,CDG,13,Clear,46
1998,Airline C,JFK,LHR,11,Snow,99
1999,Airline A,ORD,CDG,0,Storm,223
2000,Airline D,ORD,LHR,23,Snow,56
